modulus,a,b,exact,"num_full_states_(b,u,v)","num_quot_states_(b,psi)",compression_ratio
11,,,False,5005,,
13,,,False,5005,,
143,1.0,11.0,True,5005,5005.0,1.0
143,1.0,22.0,True,5005,5005.0,1.0
143,1.0,33.0,True,5005,5005.0,1.0
143,1.0,44.0,True,5005,5005.0,1.0
143,1.0,55.0,True,5005,5005.0,1.0
143,1.0,66.0,True,5005,5005.0,1.0
143,1.0,77.0,True,5005,5005.0,1.0
143,1.0,88.0,True,5005,5005.0,1.0
143,1.0,99.0,True,5005,5005.0,1.0
143,1.0,110.0,True,5005,5005.0,1.0
143,1.0,121.0,True,5005,5005.0,1.0
143,1.0,132.0,True,5005,5005.0,1.0
143,2.0,11.0,True,5005,5005.0,1.0
143,2.0,22.0,True,5005,5005.0,1.0
143,2.0,33.0,True,5005,5005.0,1.0
143,2.0,44.0,True,5005,5005.0,1.0
143,2.0,55.0,True,5005,5005.0,1.0
143,2.0,66.0,True,5005,5005.0,1.0
143,2.0,77.0,True,5005,5005.0,1.0
143,2.0,88.0,True,5005,5005.0,1.0
143,2.0,99.0,True,5005,5005.0,1.0
143,2.0,110.0,True,5005,5005.0,1.0
143,2.0,121.0,True,5005,5005.0,1.0
143,2.0,132.0,True,5005,5005.0,1.0
143,3.0,11.0,True,5005,5005.0,1.0
143,3.0,22.0,True,5005,5005.0,1.0
143,3.0,33.0,True,5005,5005.0,1.0
143,3.0,44.0,True,5005,5005.0,1.0
143,3.0,55.0,True,5005,5005.0,1.0
143,3.0,66.0,True,5005,5005.0,1.0
143,3.0,77.0,True,5005,5005.0,1.0
143,3.0,88.0,True,5005,5005.0,1.0
143,3.0,99.0,True,5005,5005.0,1.0
143,3.0,110.0,True,5005,5005.0,1.0
143,3.0,121.0,True,5005,5005.0,1.0
143,3.0,132.0,True,5005,5005.0,1.0
143,4.0,11.0,True,5005,5005.0,1.0
143,4.0,22.0,True,5005,5005.0,1.0
143,4.0,33.0,True,5005,5005.0,1.0
143,4.0,44.0,True,5005,5005.0,1.0
143,4.0,55.0,True,5005,5005.0,1.0
143,4.0,66.0,True,5005,5005.0,1.0
143,4.0,77.0,True,5005,5005.0,1.0
143,4.0,88.0,True,5005,5005.0,1.0
143,4.0,99.0,True,5005,5005.0,1.0
143,4.0,110.0,True,5005,5005.0,1.0
143,4.0,121.0,True,5005,5005.0,1.0
143,4.0,132.0,True,5005,5005.0,1.0
143,5.0,11.0,True,5005,5005.0,1.0
143,5.0,22.0,True,5005,5005.0,1.0
143,5.0,33.0,True,5005,5005.0,1.0
143,5.0,44.0,True,5005,5005.0,1.0
143,5.0,55.0,True,5005,5005.0,1.0
143,5.0,66.0,True,5005,5005.0,1.0
143,5.0,77.0,True,5005,5005.0,1.0
143,5.0,88.0,True,5005,5005.0,1.0
143,5.0,99.0,True,5005,5005.0,1.0
143,5.0,110.0,True,5005,5005.0,1.0
143,5.0,121.0,True,5005,5005.0,1.0
143,5.0,132.0,True,5005,5005.0,1.0
143,6.0,11.0,True,5005,5005.0,1.0
143,6.0,22.0,True,5005,5005.0,1.0
143,6.0,33.0,True,5005,5005.0,1.0
143,6.0,44.0,True,5005,5005.0,1.0
143,6.0,55.0,True,5005,5005.0,1.0
143,6.0,66.0,True,5005,5005.0,1.0
143,6.0,77.0,True,5005,5005.0,1.0
143,6.0,88.0,True,5005,5005.0,1.0
143,6.0,99.0,True,5005,5005.0,1.0
143,6.0,110.0,True,5005,5005.0,1.0
143,6.0,121.0,True,5005,5005.0,1.0
143,6.0,132.0,True,5005,5005.0,1.0
143,7.0,11.0,True,5005,5005.0,1.0
143,7.0,22.0,True,5005,5005.0,1.0
143,7.0,33.0,True,5005,5005.0,1.0
143,7.0,44.0,True,5005,5005.0,1.0
143,7.0,55.0,True,5005,5005.0,1.0
143,7.0,66.0,True,5005,5005.0,1.0
143,7.0,77.0,True,5005,5005.0,1.0
143,7.0,88.0,True,5005,5005.0,1.0
143,7.0,99.0,True,5005,5005.0,1.0
143,7.0,110.0,True,5005,5005.0,1.0
143,7.0,121.0,True,5005,5005.0,1.0
143,7.0,132.0,True,5005,5005.0,1.0
143,8.0,11.0,True,5005,5005.0,1.0
143,8.0,22.0,True,5005,5005.0,1.0
143,8.0,33.0,True,5005,5005.0,1.0
143,8.0,44.0,True,5005,5005.0,1.0
143,8.0,55.0,True,5005,5005.0,1.0
143,8.0,66.0,True,5005,5005.0,1.0
143,8.0,77.0,True,5005,5005.0,1.0
143,8.0,88.0,True,5005,5005.0,1.0
143,8.0,99.0,True,5005,5005.0,1.0
143,8.0,110.0,True,5005,5005.0,1.0
143,8.0,121.0,True,5005,5005.0,1.0
143,8.0,132.0,True,5005,5005.0,1.0
143,9.0,11.0,True,5005,5005.0,1.0
143,9.0,22.0,True,5005,5005.0,1.0
143,9.0,33.0,True,5005,5005.0,1.0
143,9.0,44.0,True,5005,5005.0,1.0
143,9.0,55.0,True,5005,5005.0,1.0
143,9.0,66.0,True,5005,5005.0,1.0
143,9.0,77.0,True,5005,5005.0,1.0
143,9.0,88.0,True,5005,5005.0,1.0
143,9.0,99.0,True,5005,5005.0,1.0
143,9.0,110.0,True,5005,5005.0,1.0
143,9.0,121.0,True,5005,5005.0,1.0
143,9.0,132.0,True,5005,5005.0,1.0
143,10.0,11.0,True,5005,5005.0,1.0
143,10.0,22.0,True,5005,5005.0,1.0
143,10.0,33.0,True,5005,5005.0,1.0
143,10.0,44.0,True,5005,5005.0,1.0
143,10.0,55.0,True,5005,5005.0,1.0
143,10.0,66.0,True,5005,5005.0,1.0
143,10.0,77.0,True,5005,5005.0,1.0
143,10.0,88.0,True,5005,5005.0,1.0
143,10.0,99.0,True,5005,5005.0,1.0
143,10.0,110.0,True,5005,5005.0,1.0
143,10.0,121.0,True,5005,5005.0,1.0
143,10.0,132.0,True,5005,5005.0,1.0
143,12.0,11.0,True,5005,5005.0,1.0
143,12.0,22.0,True,5005,5005.0,1.0
143,12.0,33.0,True,5005,5005.0,1.0
143,12.0,44.0,True,5005,5005.0,1.0
143,12.0,55.0,True,5005,5005.0,1.0
143,12.0,66.0,True,5005,5005.0,1.0
143,12.0,77.0,True,5005,5005.0,1.0
143,12.0,88.0,True,5005,5005.0,1.0
143,12.0,99.0,True,5005,5005.0,1.0
143,12.0,110.0,True,5005,5005.0,1.0
143,12.0,121.0,True,5005,5005.0,1.0
143,12.0,132.0,True,5005,5005.0,1.0
143,13.0,1.0,True,5005,5005.0,1.0
143,13.0,2.0,True,5005,5005.0,1.0
143,13.0,3.0,True,5005,5005.0,1.0
143,13.0,4.0,True,5005,5005.0,1.0
143,13.0,5.0,True,5005,5005.0,1.0
143,13.0,6.0,True,5005,5005.0,1.0
143,13.0,7.0,True,5005,5005.0,1.0
143,13.0,8.0,True,5005,5005.0,1.0
143,13.0,9.0,True,5005,5005.0,1.0
143,13.0,10.0,True,5005,5005.0,1.0
143,13.0,11.0,True,5005,5005.0,1.0
143,13.0,12.0,True,5005,5005.0,1.0
143,13.0,14.0,True,5005,5005.0,1.0
143,13.0,15.0,True,5005,5005.0,1.0
143,13.0,16.0,True,5005,5005.0,1.0
143,13.0,17.0,True,5005,5005.0,1.0
143,13.0,18.0,True,5005,5005.0,1.0
143,13.0,19.0,True,5005,5005.0,1.0
143,13.0,20.0,True,5005,5005.0,1.0
143,13.0,21.0,True,5005,5005.0,1.0
143,13.0,22.0,True,5005,5005.0,1.0
143,13.0,23.0,True,5005,5005.0,1.0
143,13.0,24.0,True,5005,5005.0,1.0
143,13.0,25.0,True,5005,5005.0,1.0
143,13.0,27.0,True,5005,5005.0,1.0
143,13.0,28.0,True,5005,5005.0,1.0
143,13.0,29.0,True,5005,5005.0,1.0
143,13.0,30.0,True,5005,5005.0,1.0
143,13.0,31.0,True,5005,5005.0,1.0
143,13.0,32.0,True,5005,5005.0,1.0
143,13.0,33.0,True,5005,5005.0,1.0
143,13.0,34.0,True,5005,5005.0,1.0
143,13.0,35.0,True,5005,5005.0,1.0
143,13.0,36.0,True,5005,5005.0,1.0
143,13.0,37.0,True,5005,5005.0,1.0
143,13.0,38.0,True,5005,5005.0,1.0
143,13.0,40.0,True,5005,5005.0,1.0
143,13.0,41.0,True,5005,5005.0,1.0
143,13.0,42.0,True,5005,5005.0,1.0
143,13.0,43.0,True,5005,5005.0,1.0
143,13.0,44.0,True,5005,5005.0,1.0
143,13.0,45.0,True,5005,5005.0,1.0
143,13.0,46.0,True,5005,5005.0,1.0
143,13.0,47.0,True,5005,5005.0,1.0
143,13.0,48.0,True,5005,5005.0,1.0
143,13.0,49.0,True,5005,5005.0,1.0
143,13.0,50.0,True,5005,5005.0,1.0
143,13.0,51.0,True,5005,5005.0,1.0
143,13.0,53.0,True,5005,5005.0,1.0
143,13.0,54.0,True,5005,5005.0,1.0
143,13.0,55.0,True,5005,5005.0,1.0
143,13.0,56.0,True,5005,5005.0,1.0
143,13.0,57.0,True,5005,5005.0,1.0
143,13.0,58.0,True,5005,5005.0,1.0
143,13.0,59.0,True,5005,5005.0,1.0
143,13.0,60.0,True,5005,5005.0,1.0
143,13.0,61.0,True,5005,5005.0,1.0
143,13.0,62.0,True,5005,5005.0,1.0
143,13.0,63.0,True,5005,5005.0,1.0
143,13.0,64.0,True,5005,5005.0,1.0
143,13.0,66.0,True,5005,5005.0,1.0
143,13.0,67.0,True,5005,5005.0,1.0
143,13.0,68.0,True,5005,5005.0,1.0
143,13.0,69.0,True,5005,5005.0,1.0
143,13.0,70.0,True,5005,5005.0,1.0
143,13.0,71.0,True,5005,5005.0,1.0
143,13.0,72.0,True,5005,5005.0,1.0
143,13.0,73.0,True,5005,5005.0,1.0
143,13.0,74.0,True,5005,5005.0,1.0
143,13.0,75.0,True,5005,5005.0,1.0
143,13.0,76.0,True,5005,5005.0,1.0
143,13.0,77.0,True,5005,5005.0,1.0
143,13.0,79.0,True,5005,5005.0,1.0
143,13.0,80.0,True,5005,5005.0,1.0
143,13.0,81.0,True,5005,5005.0,1.0
143,13.0,82.0,True,5005,5005.0,1.0
143,13.0,83.0,True,5005,5005.0,1.0
143,13.0,84.0,True,5005,5005.0,1.0
143,13.0,85.0,True,5005,5005.0,1.0
143,13.0,86.0,True,5005,5005.0,1.0
143,13.0,87.0,True,5005,5005.0,1.0
143,13.0,88.0,True,5005,5005.0,1.0
143,13.0,89.0,True,5005,5005.0,1.0
143,13.0,90.0,True,5005,5005.0,1.0
143,13.0,92.0,True,5005,5005.0,1.0
143,13.0,93.0,True,5005,5005.0,1.0
143,13.0,94.0,True,5005,5005.0,1.0
143,13.0,95.0,True,5005,5005.0,1.0
143,13.0,96.0,True,5005,5005.0,1.0
143,13.0,97.0,True,5005,5005.0,1.0
143,13.0,98.0,True,5005,5005.0,1.0
143,13.0,99.0,True,5005,5005.0,1.0
143,13.0,100.0,True,5005,5005.0,1.0
143,13.0,101.0,True,5005,5005.0,1.0
143,13.0,102.0,True,5005,5005.0,1.0
143,13.0,103.0,True,5005,5005.0,1.0
143,13.0,105.0,True,5005,5005.0,1.0
143,13.0,106.0,True,5005,5005.0,1.0
143,13.0,107.0,True,5005,5005.0,1.0
143,13.0,108.0,True,5005,5005.0,1.0
143,13.0,109.0,True,5005,5005.0,1.0
143,13.0,110.0,True,5005,5005.0,1.0
143,13.0,111.0,True,5005,5005.0,1.0
143,13.0,112.0,True,5005,5005.0,1.0
143,13.0,113.0,True,5005,5005.0,1.0
143,13.0,114.0,True,5005,5005.0,1.0
143,13.0,115.0,True,5005,5005.0,1.0
143,13.0,116.0,True,5005,5005.0,1.0
143,13.0,118.0,True,5005,5005.0,1.0
143,13.0,119.0,True,5005,5005.0,1.0
143,13.0,120.0,True,5005,5005.0,1.0
143,13.0,121.0,True,5005,5005.0,1.0
143,13.0,122.0,True,5005,5005.0,1.0
143,13.0,123.0,True,5005,5005.0,1.0
143,13.0,124.0,True,5005,5005.0,1.0
143,13.0,125.0,True,5005,5005.0,1.0
143,13.0,126.0,True,5005,5005.0,1.0
143,13.0,127.0,True,5005,5005.0,1.0
143,13.0,128.0,True,5005,5005.0,1.0
143,13.0,129.0,True,5005,5005.0,1.0
143,13.0,131.0,True,5005,5005.0,1.0
143,13.0,132.0,True,5005,5005.0,1.0
143,13.0,133.0,True,5005,5005.0,1.0
143,13.0,134.0,True,5005,5005.0,1.0
143,13.0,135.0,True,5005,5005.0,1.0
143,13.0,136.0,True,5005,5005.0,1.0
143,13.0,137.0,True,5005,5005.0,1.0
143,13.0,138.0,True,5005,5005.0,1.0
143,13.0,139.0,True,5005,5005.0,1.0
143,13.0,140.0,True,5005,5005.0,1.0
143,13.0,141.0,True,5005,5005.0,1.0
143,13.0,142.0,True,5005,5005.0,1.0
143,14.0,11.0,True,5005,5005.0,1.0
143,14.0,22.0,True,5005,5005.0,1.0
143,14.0,33.0,True,5005,5005.0,1.0
143,14.0,44.0,True,5005,5005.0,1.0
143,14.0,55.0,True,5005,5005.0,1.0
143,14.0,66.0,True,5005,5005.0,1.0
143,14.0,77.0,True,5005,5005.0,1.0
143,14.0,88.0,True,5005,5005.0,1.0
143,14.0,99.0,True,5005,5005.0,1.0
143,14.0,110.0,True,5005,5005.0,1.0
143,14.0,121.0,True,5005,5005.0,1.0
143,14.0,132.0,True,5005,5005.0,1.0
143,15.0,11.0,True,5005,5005.0,1.0
143,15.0,22.0,True,5005,5005.0,1.0
143,15.0,33.0,True,5005,5005.0,1.0
143,15.0,44.0,True,5005,5005.0,1.0
143,15.0,55.0,True,5005,5005.0,1.0
143,15.0,66.0,True,5005,5005.0,1.0
143,15.0,77.0,True,5005,5005.0,1.0
143,15.0,88.0,True,5005,5005.0,1.0
143,15.0,99.0,True,5005,5005.0,1.0
143,15.0,110.0,True,5005,5005.0,1.0
143,15.0,121.0,True,5005,5005.0,1.0
143,15.0,132.0,True,5005,5005.0,1.0
143,16.0,11.0,True,5005,5005.0,1.0
143,16.0,22.0,True,5005,5005.0,1.0
143,16.0,33.0,True,5005,5005.0,1.0
143,16.0,44.0,True,5005,5005.0,1.0
143,16.0,55.0,True,5005,5005.0,1.0
143,16.0,66.0,True,5005,5005.0,1.0
143,16.0,77.0,True,5005,5005.0,1.0
143,16.0,88.0,True,5005,5005.0,1.0
143,16.0,99.0,True,5005,5005.0,1.0
143,16.0,110.0,True,5005,5005.0,1.0
143,16.0,121.0,True,5005,5005.0,1.0
143,16.0,132.0,True,5005,5005.0,1.0
143,17.0,11.0,True,5005,5005.0,1.0
143,17.0,22.0,True,5005,5005.0,1.0
143,17.0,33.0,True,5005,5005.0,1.0
143,17.0,44.0,True,5005,5005.0,1.0
143,17.0,55.0,True,5005,5005.0,1.0
143,17.0,66.0,True,5005,5005.0,1.0
143,17.0,77.0,True,5005,5005.0,1.0
143,17.0,88.0,True,5005,5005.0,1.0
143,17.0,99.0,True,5005,5005.0,1.0
143,17.0,110.0,True,5005,5005.0,1.0
143,17.0,121.0,True,5005,5005.0,1.0
143,17.0,132.0,True,5005,5005.0,1.0
143,18.0,11.0,True,5005,5005.0,1.0
143,18.0,22.0,True,5005,5005.0,1.0
143,18.0,33.0,True,5005,5005.0,1.0
143,18.0,44.0,True,5005,5005.0,1.0
143,18.0,55.0,True,5005,5005.0,1.0
143,18.0,66.0,True,5005,5005.0,1.0
143,18.0,77.0,True,5005,5005.0,1.0
143,18.0,88.0,True,5005,5005.0,1.0
143,18.0,99.0,True,5005,5005.0,1.0
143,18.0,110.0,True,5005,5005.0,1.0
143,18.0,121.0,True,5005,5005.0,1.0
143,18.0,132.0,True,5005,5005.0,1.0
143,19.0,11.0,True,5005,5005.0,1.0
143,19.0,22.0,True,5005,5005.0,1.0
143,19.0,33.0,True,5005,5005.0,1.0
143,19.0,44.0,True,5005,5005.0,1.0
143,19.0,55.0,True,5005,5005.0,1.0
143,19.0,66.0,True,5005,5005.0,1.0
143,19.0,77.0,True,5005,5005.0,1.0
143,19.0,88.0,True,5005,5005.0,1.0
143,19.0,99.0,True,5005,5005.0,1.0
143,19.0,110.0,True,5005,5005.0,1.0
143,19.0,121.0,True,5005,5005.0,1.0
143,19.0,132.0,True,5005,5005.0,1.0
143,20.0,11.0,True,5005,5005.0,1.0
143,20.0,22.0,True,5005,5005.0,1.0
143,20.0,33.0,True,5005,5005.0,1.0
143,20.0,44.0,True,5005,5005.0,1.0
143,20.0,55.0,True,5005,5005.0,1.0
143,20.0,66.0,True,5005,5005.0,1.0
143,20.0,77.0,True,5005,5005.0,1.0
143,20.0,88.0,True,5005,5005.0,1.0
143,20.0,99.0,True,5005,5005.0,1.0
143,20.0,110.0,True,5005,5005.0,1.0
143,20.0,121.0,True,5005,5005.0,1.0
143,20.0,132.0,True,5005,5005.0,1.0
143,21.0,11.0,True,5005,5005.0,1.0
143,21.0,22.0,True,5005,5005.0,1.0
143,21.0,33.0,True,5005,5005.0,1.0
143,21.0,44.0,True,5005,5005.0,1.0
143,21.0,55.0,True,5005,5005.0,1.0
143,21.0,66.0,True,5005,5005.0,1.0
143,21.0,77.0,True,5005,5005.0,1.0
143,21.0,88.0,True,5005,5005.0,1.0
143,21.0,99.0,True,5005,5005.0,1.0
143,21.0,110.0,True,5005,5005.0,1.0
143,21.0,121.0,True,5005,5005.0,1.0
143,21.0,132.0,True,5005,5005.0,1.0
143,23.0,11.0,True,5005,5005.0,1.0
143,23.0,22.0,True,5005,5005.0,1.0
143,23.0,33.0,True,5005,5005.0,1.0
143,23.0,44.0,True,5005,5005.0,1.0
143,23.0,55.0,True,5005,5005.0,1.0
143,23.0,66.0,True,5005,5005.0,1.0
143,23.0,77.0,True,5005,5005.0,1.0
143,23.0,88.0,True,5005,5005.0,1.0
143,23.0,99.0,True,5005,5005.0,1.0
143,23.0,110.0,True,5005,5005.0,1.0
143,23.0,121.0,True,5005,5005.0,1.0
143,23.0,132.0,True,5005,5005.0,1.0
143,24.0,11.0,True,5005,5005.0,1.0
143,24.0,22.0,True,5005,5005.0,1.0
143,24.0,33.0,True,5005,5005.0,1.0
143,24.0,44.0,True,5005,5005.0,1.0
143,24.0,55.0,True,5005,5005.0,1.0
143,24.0,66.0,True,5005,5005.0,1.0
143,24.0,77.0,True,5005,5005.0,1.0
143,24.0,88.0,True,5005,5005.0,1.0
143,24.0,99.0,True,5005,5005.0,1.0
143,24.0,110.0,True,5005,5005.0,1.0
143,24.0,121.0,True,5005,5005.0,1.0
143,24.0,132.0,True,5005,5005.0,1.0
143,25.0,11.0,True,5005,5005.0,1.0
143,25.0,22.0,True,5005,5005.0,1.0
143,25.0,33.0,True,5005,5005.0,1.0
143,25.0,44.0,True,5005,5005.0,1.0
143,25.0,55.0,True,5005,5005.0,1.0
143,25.0,66.0,True,5005,5005.0,1.0
143,25.0,77.0,True,5005,5005.0,1.0
143,25.0,88.0,True,5005,5005.0,1.0
143,25.0,99.0,True,5005,5005.0,1.0
143,25.0,110.0,True,5005,5005.0,1.0
143,25.0,121.0,True,5005,5005.0,1.0
143,25.0,132.0,True,5005,5005.0,1.0
143,26.0,1.0,True,5005,5005.0,1.0
143,26.0,2.0,True,5005,5005.0,1.0
143,26.0,3.0,True,5005,5005.0,1.0
143,26.0,4.0,True,5005,5005.0,1.0
143,26.0,5.0,True,5005,5005.0,1.0
143,26.0,6.0,True,5005,5005.0,1.0
143,26.0,7.0,True,5005,5005.0,1.0
143,26.0,8.0,True,5005,5005.0,1.0
143,26.0,9.0,True,5005,5005.0,1.0
143,26.0,10.0,True,5005,5005.0,1.0
143,26.0,11.0,True,5005,5005.0,1.0
143,26.0,12.0,True,5005,5005.0,1.0
143,26.0,14.0,True,5005,5005.0,1.0
143,26.0,15.0,True,5005,5005.0,1.0
143,26.0,16.0,True,5005,5005.0,1.0
143,26.0,17.0,True,5005,5005.0,1.0
143,26.0,18.0,True,5005,5005.0,1.0
143,26.0,19.0,True,5005,5005.0,1.0
143,26.0,20.0,True,5005,5005.0,1.0
143,26.0,21.0,True,5005,5005.0,1.0
143,26.0,22.0,True,5005,5005.0,1.0
143,26.0,23.0,True,5005,5005.0,1.0
143,26.0,24.0,True,5005,5005.0,1.0
143,26.0,25.0,True,5005,5005.0,1.0
143,26.0,27.0,True,5005,5005.0,1.0
143,26.0,28.0,True,5005,5005.0,1.0
143,26.0,29.0,True,5005,5005.0,1.0
143,26.0,30.0,True,5005,5005.0,1.0
143,26.0,31.0,True,5005,5005.0,1.0
143,26.0,32.0,True,5005,5005.0,1.0
143,26.0,33.0,True,5005,5005.0,1.0
143,26.0,34.0,True,5005,5005.0,1.0
143,26.0,35.0,True,5005,5005.0,1.0
143,26.0,36.0,True,5005,5005.0,1.0
143,26.0,37.0,True,5005,5005.0,1.0
143,26.0,38.0,True,5005,5005.0,1.0
143,26.0,40.0,True,5005,5005.0,1.0
143,26.0,41.0,True,5005,5005.0,1.0
143,26.0,42.0,True,5005,5005.0,1.0
143,26.0,43.0,True,5005,5005.0,1.0
143,26.0,44.0,True,5005,5005.0,1.0
143,26.0,45.0,True,5005,5005.0,1.0
143,26.0,46.0,True,5005,5005.0,1.0
143,26.0,47.0,True,5005,5005.0,1.0
143,26.0,48.0,True,5005,5005.0,1.0
143,26.0,49.0,True,5005,5005.0,1.0
143,26.0,50.0,True,5005,5005.0,1.0
143,26.0,51.0,True,5005,5005.0,1.0
143,26.0,53.0,True,5005,5005.0,1.0
143,26.0,54.0,True,5005,5005.0,1.0
143,26.0,55.0,True,5005,5005.0,1.0
143,26.0,56.0,True,5005,5005.0,1.0
143,26.0,57.0,True,5005,5005.0,1.0
143,26.0,58.0,True,5005,5005.0,1.0
143,26.0,59.0,True,5005,5005.0,1.0
143,26.0,60.0,True,5005,5005.0,1.0
143,26.0,61.0,True,5005,5005.0,1.0
143,26.0,62.0,True,5005,5005.0,1.0
143,26.0,63.0,True,5005,5005.0,1.0
143,26.0,64.0,True,5005,5005.0,1.0
143,26.0,66.0,True,5005,5005.0,1.0
143,26.0,67.0,True,5005,5005.0,1.0
143,26.0,68.0,True,5005,5005.0,1.0
143,26.0,69.0,True,5005,5005.0,1.0
143,26.0,70.0,True,5005,5005.0,1.0
143,26.0,71.0,True,5005,5005.0,1.0
143,26.0,72.0,True,5005,5005.0,1.0
143,26.0,73.0,True,5005,5005.0,1.0
143,26.0,74.0,True,5005,5005.0,1.0
143,26.0,75.0,True,5005,5005.0,1.0
143,26.0,76.0,True,5005,5005.0,1.0
143,26.0,77.0,True,5005,5005.0,1.0
143,26.0,79.0,True,5005,5005.0,1.0
143,26.0,80.0,True,5005,5005.0,1.0
143,26.0,81.0,True,5005,5005.0,1.0
143,26.0,82.0,True,5005,5005.0,1.0
143,26.0,83.0,True,5005,5005.0,1.0
143,26.0,84.0,True,5005,5005.0,1.0
143,26.0,85.0,True,5005,5005.0,1.0
143,26.0,86.0,True,5005,5005.0,1.0
143,26.0,87.0,True,5005,5005.0,1.0
143,26.0,88.0,True,5005,5005.0,1.0
143,26.0,89.0,True,5005,5005.0,1.0
143,26.0,90.0,True,5005,5005.0,1.0
143,26.0,92.0,True,5005,5005.0,1.0
143,26.0,93.0,True,5005,5005.0,1.0
143,26.0,94.0,True,5005,5005.0,1.0
143,26.0,95.0,True,5005,5005.0,1.0
143,26.0,96.0,True,5005,5005.0,1.0
143,26.0,97.0,True,5005,5005.0,1.0
143,26.0,98.0,True,5005,5005.0,1.0
143,26.0,99.0,True,5005,5005.0,1.0
143,26.0,100.0,True,5005,5005.0,1.0
143,26.0,101.0,True,5005,5005.0,1.0
143,26.0,102.0,True,5005,5005.0,1.0
143,26.0,103.0,True,5005,5005.0,1.0
143,26.0,105.0,True,5005,5005.0,1.0
143,26.0,106.0,True,5005,5005.0,1.0
143,26.0,107.0,True,5005,5005.0,1.0
143,26.0,108.0,True,5005,5005.0,1.0
143,26.0,109.0,True,5005,5005.0,1.0
143,26.0,110.0,True,5005,5005.0,1.0
143,26.0,111.0,True,5005,5005.0,1.0
143,26.0,112.0,True,5005,5005.0,1.0
143,26.0,113.0,True,5005,5005.0,1.0
143,26.0,114.0,True,5005,5005.0,1.0
143,26.0,115.0,True,5005,5005.0,1.0
143,26.0,116.0,True,5005,5005.0,1.0
143,26.0,118.0,True,5005,5005.0,1.0
143,26.0,119.0,True,5005,5005.0,1.0
143,26.0,120.0,True,5005,5005.0,1.0
143,26.0,121.0,True,5005,5005.0,1.0
143,26.0,122.0,True,5005,5005.0,1.0
143,26.0,123.0,True,5005,5005.0,1.0
143,26.0,124.0,True,5005,5005.0,1.0
143,26.0,125.0,True,5005,5005.0,1.0
143,26.0,126.0,True,5005,5005.0,1.0
143,26.0,127.0,True,5005,5005.0,1.0
143,26.0,128.0,True,5005,5005.0,1.0
143,26.0,129.0,True,5005,5005.0,1.0
143,26.0,131.0,True,5005,5005.0,1.0
143,26.0,132.0,True,5005,5005.0,1.0
143,26.0,133.0,True,5005,5005.0,1.0
143,26.0,134.0,True,5005,5005.0,1.0
143,26.0,135.0,True,5005,5005.0,1.0
143,26.0,136.0,True,5005,5005.0,1.0
143,26.0,137.0,True,5005,5005.0,1.0
143,26.0,138.0,True,5005,5005.0,1.0
143,26.0,139.0,True,5005,5005.0,1.0
143,26.0,140.0,True,5005,5005.0,1.0
143,26.0,141.0,True,5005,5005.0,1.0
143,26.0,142.0,True,5005,5005.0,1.0
143,27.0,11.0,True,5005,5005.0,1.0
143,27.0,22.0,True,5005,5005.0,1.0
143,27.0,33.0,True,5005,5005.0,1.0
143,27.0,44.0,True,5005,5005.0,1.0
143,27.0,55.0,True,5005,5005.0,1.0
143,27.0,66.0,True,5005,5005.0,1.0
143,27.0,77.0,True,5005,5005.0,1.0
143,27.0,88.0,True,5005,5005.0,1.0
143,27.0,99.0,True,5005,5005.0,1.0
143,27.0,110.0,True,5005,5005.0,1.0
143,27.0,121.0,True,5005,5005.0,1.0
143,27.0,132.0,True,5005,5005.0,1.0
143,28.0,11.0,True,5005,5005.0,1.0
143,28.0,22.0,True,5005,5005.0,1.0
143,28.0,33.0,True,5005,5005.0,1.0
143,28.0,44.0,True,5005,5005.0,1.0
143,28.0,55.0,True,5005,5005.0,1.0
143,28.0,66.0,True,5005,5005.0,1.0
143,28.0,77.0,True,5005,5005.0,1.0
143,28.0,88.0,True,5005,5005.0,1.0
143,28.0,99.0,True,5005,5005.0,1.0
143,28.0,110.0,True,5005,5005.0,1.0
143,28.0,121.0,True,5005,5005.0,1.0
143,28.0,132.0,True,5005,5005.0,1.0
143,29.0,11.0,True,5005,5005.0,1.0
143,29.0,22.0,True,5005,5005.0,1.0
143,29.0,33.0,True,5005,5005.0,1.0
143,29.0,44.0,True,5005,5005.0,1.0
143,29.0,55.0,True,5005,5005.0,1.0
143,29.0,66.0,True,5005,5005.0,1.0
143,29.0,77.0,True,5005,5005.0,1.0
143,29.0,88.0,True,5005,5005.0,1.0
143,29.0,99.0,True,5005,5005.0,1.0
143,29.0,110.0,True,5005,5005.0,1.0
143,29.0,121.0,True,5005,5005.0,1.0
143,29.0,132.0,True,5005,5005.0,1.0
143,30.0,11.0,True,5005,5005.0,1.0
143,30.0,22.0,True,5005,5005.0,1.0
143,30.0,33.0,True,5005,5005.0,1.0
143,30.0,44.0,True,5005,5005.0,1.0
143,30.0,55.0,True,5005,5005.0,1.0
143,30.0,66.0,True,5005,5005.0,1.0
143,30.0,77.0,True,5005,5005.0,1.0
143,30.0,88.0,True,5005,5005.0,1.0
143,30.0,99.0,True,5005,5005.0,1.0
143,30.0,110.0,True,5005,5005.0,1.0
143,30.0,121.0,True,5005,5005.0,1.0
143,30.0,132.0,True,5005,5005.0,1.0
143,31.0,11.0,True,5005,5005.0,1.0
143,31.0,22.0,True,5005,5005.0,1.0
143,31.0,33.0,True,5005,5005.0,1.0
143,31.0,44.0,True,5005,5005.0,1.0
143,31.0,55.0,True,5005,5005.0,1.0
143,31.0,66.0,True,5005,5005.0,1.0
143,31.0,77.0,True,5005,5005.0,1.0
143,31.0,88.0,True,5005,5005.0,1.0
143,31.0,99.0,True,5005,5005.0,1.0
143,31.0,110.0,True,5005,5005.0,1.0
143,31.0,121.0,True,5005,5005.0,1.0
143,31.0,132.0,True,5005,5005.0,1.0
143,32.0,11.0,True,5005,5005.0,1.0
143,32.0,22.0,True,5005,5005.0,1.0
143,32.0,33.0,True,5005,5005.0,1.0
143,32.0,44.0,True,5005,5005.0,1.0
143,32.0,55.0,True,5005,5005.0,1.0
143,32.0,66.0,True,5005,5005.0,1.0
143,32.0,77.0,True,5005,5005.0,1.0
143,32.0,88.0,True,5005,5005.0,1.0
143,32.0,99.0,True,5005,5005.0,1.0
143,32.0,110.0,True,5005,5005.0,1.0
143,32.0,121.0,True,5005,5005.0,1.0
143,32.0,132.0,True,5005,5005.0,1.0
143,34.0,11.0,True,5005,5005.0,1.0
143,34.0,22.0,True,5005,5005.0,1.0
143,34.0,33.0,True,5005,5005.0,1.0
143,34.0,44.0,True,5005,5005.0,1.0
143,34.0,55.0,True,5005,5005.0,1.0
143,34.0,66.0,True,5005,5005.0,1.0
143,34.0,77.0,True,5005,5005.0,1.0
143,34.0,88.0,True,5005,5005.0,1.0
143,34.0,99.0,True,5005,5005.0,1.0
143,34.0,110.0,True,5005,5005.0,1.0
143,34.0,121.0,True,5005,5005.0,1.0
143,34.0,132.0,True,5005,5005.0,1.0
143,35.0,11.0,True,5005,5005.0,1.0
143,35.0,22.0,True,5005,5005.0,1.0
143,35.0,33.0,True,5005,5005.0,1.0
143,35.0,44.0,True,5005,5005.0,1.0
143,35.0,55.0,True,5005,5005.0,1.0
143,35.0,66.0,True,5005,5005.0,1.0
143,35.0,77.0,True,5005,5005.0,1.0
143,35.0,88.0,True,5005,5005.0,1.0
143,35.0,99.0,True,5005,5005.0,1.0
143,35.0,110.0,True,5005,5005.0,1.0
143,35.0,121.0,True,5005,5005.0,1.0
143,35.0,132.0,True,5005,5005.0,1.0
143,36.0,11.0,True,5005,5005.0,1.0
143,36.0,22.0,True,5005,5005.0,1.0
143,36.0,33.0,True,5005,5005.0,1.0
143,36.0,44.0,True,5005,5005.0,1.0
143,36.0,55.0,True,5005,5005.0,1.0
143,36.0,66.0,True,5005,5005.0,1.0
143,36.0,77.0,True,5005,5005.0,1.0
143,36.0,88.0,True,5005,5005.0,1.0
143,36.0,99.0,True,5005,5005.0,1.0
143,36.0,110.0,True,5005,5005.0,1.0
143,36.0,121.0,True,5005,5005.0,1.0
143,36.0,132.0,True,5005,5005.0,1.0
143,37.0,11.0,True,5005,5005.0,1.0
143,37.0,22.0,True,5005,5005.0,1.0
143,37.0,33.0,True,5005,5005.0,1.0
143,37.0,44.0,True,5005,5005.0,1.0
143,37.0,55.0,True,5005,5005.0,1.0
143,37.0,66.0,True,5005,5005.0,1.0
143,37.0,77.0,True,5005,5005.0,1.0
143,37.0,88.0,True,5005,5005.0,1.0
143,37.0,99.0,True,5005,5005.0,1.0
143,37.0,110.0,True,5005,5005.0,1.0
143,37.0,121.0,True,5005,5005.0,1.0
143,37.0,132.0,True,5005,5005.0,1.0
143,38.0,11.0,True,5005,5005.0,1.0
143,38.0,22.0,True,5005,5005.0,1.0
143,38.0,33.0,True,5005,5005.0,1.0
143,38.0,44.0,True,5005,5005.0,1.0
143,38.0,55.0,True,5005,5005.0,1.0
143,38.0,66.0,True,5005,5005.0,1.0
143,38.0,77.0,True,5005,5005.0,1.0
143,38.0,88.0,True,5005,5005.0,1.0
143,38.0,99.0,True,5005,5005.0,1.0
143,38.0,110.0,True,5005,5005.0,1.0
143,38.0,121.0,True,5005,5005.0,1.0
143,38.0,132.0,True,5005,5005.0,1.0
143,39.0,1.0,True,5005,5005.0,1.0
143,39.0,2.0,True,5005,5005.0,1.0
143,39.0,3.0,True,5005,5005.0,1.0
143,39.0,4.0,True,5005,5005.0,1.0
143,39.0,5.0,True,5005,5005.0,1.0
143,39.0,6.0,True,5005,5005.0,1.0
143,39.0,7.0,True,5005,5005.0,1.0
143,39.0,8.0,True,5005,5005.0,1.0
143,39.0,9.0,True,5005,5005.0,1.0
143,39.0,10.0,True,5005,5005.0,1.0
143,39.0,11.0,True,5005,5005.0,1.0
143,39.0,12.0,True,5005,5005.0,1.0
143,39.0,14.0,True,5005,5005.0,1.0
143,39.0,15.0,True,5005,5005.0,1.0
143,39.0,16.0,True,5005,5005.0,1.0
143,39.0,17.0,True,5005,5005.0,1.0
143,39.0,18.0,True,5005,5005.0,1.0
143,39.0,19.0,True,5005,5005.0,1.0
143,39.0,20.0,True,5005,5005.0,1.0
143,39.0,21.0,True,5005,5005.0,1.0
143,39.0,22.0,True,5005,5005.0,1.0
143,39.0,23.0,True,5005,5005.0,1.0
143,39.0,24.0,True,5005,5005.0,1.0
143,39.0,25.0,True,5005,5005.0,1.0
143,39.0,27.0,True,5005,5005.0,1.0
143,39.0,28.0,True,5005,5005.0,1.0
143,39.0,29.0,True,5005,5005.0,1.0
143,39.0,30.0,True,5005,5005.0,1.0
143,39.0,31.0,True,5005,5005.0,1.0
143,39.0,32.0,True,5005,5005.0,1.0
143,39.0,33.0,True,5005,5005.0,1.0
143,39.0,34.0,True,5005,5005.0,1.0
143,39.0,35.0,True,5005,5005.0,1.0
143,39.0,36.0,True,5005,5005.0,1.0
143,39.0,37.0,True,5005,5005.0,1.0
143,39.0,38.0,True,5005,5005.0,1.0
143,39.0,40.0,True,5005,5005.0,1.0
143,39.0,41.0,True,5005,5005.0,1.0
143,39.0,42.0,True,5005,5005.0,1.0
143,39.0,43.0,True,5005,5005.0,1.0
143,39.0,44.0,True,5005,5005.0,1.0
143,39.0,45.0,True,5005,5005.0,1.0
143,39.0,46.0,True,5005,5005.0,1.0
143,39.0,47.0,True,5005,5005.0,1.0
143,39.0,48.0,True,5005,5005.0,1.0
143,39.0,49.0,True,5005,5005.0,1.0
143,39.0,50.0,True,5005,5005.0,1.0
143,39.0,51.0,True,5005,5005.0,1.0
143,39.0,53.0,True,5005,5005.0,1.0
143,39.0,54.0,True,5005,5005.0,1.0
143,39.0,55.0,True,5005,5005.0,1.0
143,39.0,56.0,True,5005,5005.0,1.0
143,39.0,57.0,True,5005,5005.0,1.0
143,39.0,58.0,True,5005,5005.0,1.0
143,39.0,59.0,True,5005,5005.0,1.0
143,39.0,60.0,True,5005,5005.0,1.0
143,39.0,61.0,True,5005,5005.0,1.0
143,39.0,62.0,True,5005,5005.0,1.0
143,39.0,63.0,True,5005,5005.0,1.0
143,39.0,64.0,True,5005,5005.0,1.0
143,39.0,66.0,True,5005,5005.0,1.0
143,39.0,67.0,True,5005,5005.0,1.0
143,39.0,68.0,True,5005,5005.0,1.0
143,39.0,69.0,True,5005,5005.0,1.0
143,39.0,70.0,True,5005,5005.0,1.0
143,39.0,71.0,True,5005,5005.0,1.0
143,39.0,72.0,True,5005,5005.0,1.0
143,39.0,73.0,True,5005,5005.0,1.0
143,39.0,74.0,True,5005,5005.0,1.0
143,39.0,75.0,True,5005,5005.0,1.0
143,39.0,76.0,True,5005,5005.0,1.0
143,39.0,77.0,True,5005,5005.0,1.0
143,39.0,79.0,True,5005,5005.0,1.0
143,39.0,80.0,True,5005,5005.0,1.0
143,39.0,81.0,True,5005,5005.0,1.0
143,39.0,82.0,True,5005,5005.0,1.0
143,39.0,83.0,True,5005,5005.0,1.0
143,39.0,84.0,True,5005,5005.0,1.0
143,39.0,85.0,True,5005,5005.0,1.0
143,39.0,86.0,True,5005,5005.0,1.0
143,39.0,87.0,True,5005,5005.0,1.0
143,39.0,88.0,True,5005,5005.0,1.0
143,39.0,89.0,True,5005,5005.0,1.0
143,39.0,90.0,True,5005,5005.0,1.0
143,39.0,92.0,True,5005,5005.0,1.0
143,39.0,93.0,True,5005,5005.0,1.0
143,39.0,94.0,True,5005,5005.0,1.0
143,39.0,95.0,True,5005,5005.0,1.0
143,39.0,96.0,True,5005,5005.0,1.0
143,39.0,97.0,True,5005,5005.0,1.0
143,39.0,98.0,True,5005,5005.0,1.0
143,39.0,99.0,True,5005,5005.0,1.0
143,39.0,100.0,True,5005,5005.0,1.0
143,39.0,101.0,True,5005,5005.0,1.0
143,39.0,102.0,True,5005,5005.0,1.0
143,39.0,103.0,True,5005,5005.0,1.0
143,39.0,105.0,True,5005,5005.0,1.0
143,39.0,106.0,True,5005,5005.0,1.0
143,39.0,107.0,True,5005,5005.0,1.0
143,39.0,108.0,True,5005,5005.0,1.0
143,39.0,109.0,True,5005,5005.0,1.0
143,39.0,110.0,True,5005,5005.0,1.0
143,39.0,111.0,True,5005,5005.0,1.0
143,39.0,112.0,True,5005,5005.0,1.0
143,39.0,113.0,True,5005,5005.0,1.0
143,39.0,114.0,True,5005,5005.0,1.0
143,39.0,115.0,True,5005,5005.0,1.0
143,39.0,116.0,True,5005,5005.0,1.0
143,39.0,118.0,True,5005,5005.0,1.0
143,39.0,119.0,True,5005,5005.0,1.0
143,39.0,120.0,True,5005,5005.0,1.0
143,39.0,121.0,True,5005,5005.0,1.0
143,39.0,122.0,True,5005,5005.0,1.0
143,39.0,123.0,True,5005,5005.0,1.0
143,39.0,124.0,True,5005,5005.0,1.0
143,39.0,125.0,True,5005,5005.0,1.0
143,39.0,126.0,True,5005,5005.0,1.0
143,39.0,127.0,True,5005,5005.0,1.0
143,39.0,128.0,True,5005,5005.0,1.0
143,39.0,129.0,True,5005,5005.0,1.0
143,39.0,131.0,True,5005,5005.0,1.0
143,39.0,132.0,True,5005,5005.0,1.0
143,39.0,133.0,True,5005,5005.0,1.0
143,39.0,134.0,True,5005,5005.0,1.0
143,39.0,135.0,True,5005,5005.0,1.0
143,39.0,136.0,True,5005,5005.0,1.0
143,39.0,137.0,True,5005,5005.0,1.0
143,39.0,138.0,True,5005,5005.0,1.0
143,39.0,139.0,True,5005,5005.0,1.0
143,39.0,140.0,True,5005,5005.0,1.0
143,39.0,141.0,True,5005,5005.0,1.0
143,39.0,142.0,True,5005,5005.0,1.0
143,40.0,11.0,True,5005,5005.0,1.0
143,40.0,22.0,True,5005,5005.0,1.0
143,40.0,33.0,True,5005,5005.0,1.0
143,40.0,44.0,True,5005,5005.0,1.0
143,40.0,55.0,True,5005,5005.0,1.0
143,40.0,66.0,True,5005,5005.0,1.0
143,40.0,77.0,True,5005,5005.0,1.0
143,40.0,88.0,True,5005,5005.0,1.0
143,40.0,99.0,True,5005,5005.0,1.0
143,40.0,110.0,True,5005,5005.0,1.0
143,40.0,121.0,True,5005,5005.0,1.0
143,40.0,132.0,True,5005,5005.0,1.0
143,41.0,11.0,True,5005,5005.0,1.0
143,41.0,22.0,True,5005,5005.0,1.0
143,41.0,33.0,True,5005,5005.0,1.0
143,41.0,44.0,True,5005,5005.0,1.0
143,41.0,55.0,True,5005,5005.0,1.0
143,41.0,66.0,True,5005,5005.0,1.0
143,41.0,77.0,True,5005,5005.0,1.0
143,41.0,88.0,True,5005,5005.0,1.0
143,41.0,99.0,True,5005,5005.0,1.0
143,41.0,110.0,True,5005,5005.0,1.0
143,41.0,121.0,True,5005,5005.0,1.0
143,41.0,132.0,True,5005,5005.0,1.0
143,42.0,11.0,True,5005,5005.0,1.0
143,42.0,22.0,True,5005,5005.0,1.0
143,42.0,33.0,True,5005,5005.0,1.0
143,42.0,44.0,True,5005,5005.0,1.0
143,42.0,55.0,True,5005,5005.0,1.0
143,42.0,66.0,True,5005,5005.0,1.0
143,42.0,77.0,True,5005,5005.0,1.0
143,42.0,88.0,True,5005,5005.0,1.0
143,42.0,99.0,True,5005,5005.0,1.0
143,42.0,110.0,True,5005,5005.0,1.0
143,42.0,121.0,True,5005,5005.0,1.0
143,42.0,132.0,True,5005,5005.0,1.0
143,43.0,11.0,True,5005,5005.0,1.0
143,43.0,22.0,True,5005,5005.0,1.0
143,43.0,33.0,True,5005,5005.0,1.0
143,43.0,44.0,True,5005,5005.0,1.0
143,43.0,55.0,True,5005,5005.0,1.0
143,43.0,66.0,True,5005,5005.0,1.0
143,43.0,77.0,True,5005,5005.0,1.0
143,43.0,88.0,True,5005,5005.0,1.0
143,43.0,99.0,True,5005,5005.0,1.0
143,43.0,110.0,True,5005,5005.0,1.0
143,43.0,121.0,True,5005,5005.0,1.0
143,43.0,132.0,True,5005,5005.0,1.0
143,45.0,11.0,True,5005,5005.0,1.0
143,45.0,22.0,True,5005,5005.0,1.0
143,45.0,33.0,True,5005,5005.0,1.0
143,45.0,44.0,True,5005,5005.0,1.0
143,45.0,55.0,True,5005,5005.0,1.0
143,45.0,66.0,True,5005,5005.0,1.0
143,45.0,77.0,True,5005,5005.0,1.0
143,45.0,88.0,True,5005,5005.0,1.0
143,45.0,99.0,True,5005,5005.0,1.0
143,45.0,110.0,True,5005,5005.0,1.0
143,45.0,121.0,True,5005,5005.0,1.0
143,45.0,132.0,True,5005,5005.0,1.0
143,46.0,11.0,True,5005,5005.0,1.0
143,46.0,22.0,True,5005,5005.0,1.0
143,46.0,33.0,True,5005,5005.0,1.0
143,46.0,44.0,True,5005,5005.0,1.0
143,46.0,55.0,True,5005,5005.0,1.0
143,46.0,66.0,True,5005,5005.0,1.0
143,46.0,77.0,True,5005,5005.0,1.0
143,46.0,88.0,True,5005,5005.0,1.0
143,46.0,99.0,True,5005,5005.0,1.0
143,46.0,110.0,True,5005,5005.0,1.0
143,46.0,121.0,True,5005,5005.0,1.0
143,46.0,132.0,True,5005,5005.0,1.0
143,47.0,11.0,True,5005,5005.0,1.0
143,47.0,22.0,True,5005,5005.0,1.0
143,47.0,33.0,True,5005,5005.0,1.0
143,47.0,44.0,True,5005,5005.0,1.0
143,47.0,55.0,True,5005,5005.0,1.0
143,47.0,66.0,True,5005,5005.0,1.0
143,47.0,77.0,True,5005,5005.0,1.0
143,47.0,88.0,True,5005,5005.0,1.0
143,47.0,99.0,True,5005,5005.0,1.0
143,47.0,110.0,True,5005,5005.0,1.0
143,47.0,121.0,True,5005,5005.0,1.0
143,47.0,132.0,True,5005,5005.0,1.0
143,48.0,11.0,True,5005,5005.0,1.0
143,48.0,22.0,True,5005,5005.0,1.0
143,48.0,33.0,True,5005,5005.0,1.0
143,48.0,44.0,True,5005,5005.0,1.0
143,48.0,55.0,True,5005,5005.0,1.0
143,48.0,66.0,True,5005,5005.0,1.0
143,48.0,77.0,True,5005,5005.0,1.0
143,48.0,88.0,True,5005,5005.0,1.0
143,48.0,99.0,True,5005,5005.0,1.0
143,48.0,110.0,True,5005,5005.0,1.0
143,48.0,121.0,True,5005,5005.0,1.0
143,48.0,132.0,True,5005,5005.0,1.0
143,49.0,11.0,True,5005,5005.0,1.0
143,49.0,22.0,True,5005,5005.0,1.0
143,49.0,33.0,True,5005,5005.0,1.0
143,49.0,44.0,True,5005,5005.0,1.0
143,49.0,55.0,True,5005,5005.0,1.0
143,49.0,66.0,True,5005,5005.0,1.0
143,49.0,77.0,True,5005,5005.0,1.0
143,49.0,88.0,True,5005,5005.0,1.0
143,49.0,99.0,True,5005,5005.0,1.0
143,49.0,110.0,True,5005,5005.0,1.0
143,49.0,121.0,True,5005,5005.0,1.0
143,49.0,132.0,True,5005,5005.0,1.0
143,50.0,11.0,True,5005,5005.0,1.0
143,50.0,22.0,True,5005,5005.0,1.0
143,50.0,33.0,True,5005,5005.0,1.0
143,50.0,44.0,True,5005,5005.0,1.0
143,50.0,55.0,True,5005,5005.0,1.0
143,50.0,66.0,True,5005,5005.0,1.0
143,50.0,77.0,True,5005,5005.0,1.0
143,50.0,88.0,True,5005,5005.0,1.0
143,50.0,99.0,True,5005,5005.0,1.0
143,50.0,110.0,True,5005,5005.0,1.0
143,50.0,121.0,True,5005,5005.0,1.0
143,50.0,132.0,True,5005,5005.0,1.0
143,51.0,11.0,True,5005,5005.0,1.0
143,51.0,22.0,True,5005,5005.0,1.0
143,51.0,33.0,True,5005,5005.0,1.0
143,51.0,44.0,True,5005,5005.0,1.0
143,51.0,55.0,True,5005,5005.0,1.0
143,51.0,66.0,True,5005,5005.0,1.0
143,51.0,77.0,True,5005,5005.0,1.0
143,51.0,88.0,True,5005,5005.0,1.0
143,51.0,99.0,True,5005,5005.0,1.0
143,51.0,110.0,True,5005,5005.0,1.0
143,51.0,121.0,True,5005,5005.0,1.0
143,51.0,132.0,True,5005,5005.0,1.0
143,52.0,1.0,True,5005,5005.0,1.0
143,52.0,2.0,True,5005,5005.0,1.0
143,52.0,3.0,True,5005,5005.0,1.0
143,52.0,4.0,True,5005,5005.0,1.0
143,52.0,5.0,True,5005,5005.0,1.0
143,52.0,6.0,True,5005,5005.0,1.0
143,52.0,7.0,True,5005,5005.0,1.0
143,52.0,8.0,True,5005,5005.0,1.0
143,52.0,9.0,True,5005,5005.0,1.0
143,52.0,10.0,True,5005,5005.0,1.0
143,52.0,11.0,True,5005,5005.0,1.0
143,52.0,12.0,True,5005,5005.0,1.0
143,52.0,14.0,True,5005,5005.0,1.0
143,52.0,15.0,True,5005,5005.0,1.0
143,52.0,16.0,True,5005,5005.0,1.0
143,52.0,17.0,True,5005,5005.0,1.0
143,52.0,18.0,True,5005,5005.0,1.0
143,52.0,19.0,True,5005,5005.0,1.0
143,52.0,20.0,True,5005,5005.0,1.0
143,52.0,21.0,True,5005,5005.0,1.0
143,52.0,22.0,True,5005,5005.0,1.0
143,52.0,23.0,True,5005,5005.0,1.0
143,52.0,24.0,True,5005,5005.0,1.0
143,52.0,25.0,True,5005,5005.0,1.0
143,52.0,27.0,True,5005,5005.0,1.0
143,52.0,28.0,True,5005,5005.0,1.0
143,52.0,29.0,True,5005,5005.0,1.0
143,52.0,30.0,True,5005,5005.0,1.0
143,52.0,31.0,True,5005,5005.0,1.0
143,52.0,32.0,True,5005,5005.0,1.0
143,52.0,33.0,True,5005,5005.0,1.0
143,52.0,34.0,True,5005,5005.0,1.0
143,52.0,35.0,True,5005,5005.0,1.0
143,52.0,36.0,True,5005,5005.0,1.0
143,52.0,37.0,True,5005,5005.0,1.0
143,52.0,38.0,True,5005,5005.0,1.0
143,52.0,40.0,True,5005,5005.0,1.0
143,52.0,41.0,True,5005,5005.0,1.0
143,52.0,42.0,True,5005,5005.0,1.0
143,52.0,43.0,True,5005,5005.0,1.0
143,52.0,44.0,True,5005,5005.0,1.0
143,52.0,45.0,True,5005,5005.0,1.0
143,52.0,46.0,True,5005,5005.0,1.0
143,52.0,47.0,True,5005,5005.0,1.0
143,52.0,48.0,True,5005,5005.0,1.0
143,52.0,49.0,True,5005,5005.0,1.0
143,52.0,50.0,True,5005,5005.0,1.0
143,52.0,51.0,True,5005,5005.0,1.0
143,52.0,53.0,True,5005,5005.0,1.0
143,52.0,54.0,True,5005,5005.0,1.0
143,52.0,55.0,True,5005,5005.0,1.0
143,52.0,56.0,True,5005,5005.0,1.0
143,52.0,57.0,True,5005,5005.0,1.0
143,52.0,58.0,True,5005,5005.0,1.0
143,52.0,59.0,True,5005,5005.0,1.0
143,52.0,60.0,True,5005,5005.0,1.0
143,52.0,61.0,True,5005,5005.0,1.0
143,52.0,62.0,True,5005,5005.0,1.0
143,52.0,63.0,True,5005,5005.0,1.0
143,52.0,64.0,True,5005,5005.0,1.0
143,52.0,66.0,True,5005,5005.0,1.0
143,52.0,67.0,True,5005,5005.0,1.0
143,52.0,68.0,True,5005,5005.0,1.0
143,52.0,69.0,True,5005,5005.0,1.0
143,52.0,70.0,True,5005,5005.0,1.0
143,52.0,71.0,True,5005,5005.0,1.0
143,52.0,72.0,True,5005,5005.0,1.0
143,52.0,73.0,True,5005,5005.0,1.0
143,52.0,74.0,True,5005,5005.0,1.0
143,52.0,75.0,True,5005,5005.0,1.0
143,52.0,76.0,True,5005,5005.0,1.0
143,52.0,77.0,True,5005,5005.0,1.0
143,52.0,79.0,True,5005,5005.0,1.0
143,52.0,80.0,True,5005,5005.0,1.0
143,52.0,81.0,True,5005,5005.0,1.0
143,52.0,82.0,True,5005,5005.0,1.0
143,52.0,83.0,True,5005,5005.0,1.0
143,52.0,84.0,True,5005,5005.0,1.0
143,52.0,85.0,True,5005,5005.0,1.0
143,52.0,86.0,True,5005,5005.0,1.0
143,52.0,87.0,True,5005,5005.0,1.0
143,52.0,88.0,True,5005,5005.0,1.0
143,52.0,89.0,True,5005,5005.0,1.0
143,52.0,90.0,True,5005,5005.0,1.0
143,52.0,92.0,True,5005,5005.0,1.0
143,52.0,93.0,True,5005,5005.0,1.0
143,52.0,94.0,True,5005,5005.0,1.0
143,52.0,95.0,True,5005,5005.0,1.0
143,52.0,96.0,True,5005,5005.0,1.0
143,52.0,97.0,True,5005,5005.0,1.0
143,52.0,98.0,True,5005,5005.0,1.0
143,52.0,99.0,True,5005,5005.0,1.0
143,52.0,100.0,True,5005,5005.0,1.0
143,52.0,101.0,True,5005,5005.0,1.0
143,52.0,102.0,True,5005,5005.0,1.0
143,52.0,103.0,True,5005,5005.0,1.0
143,52.0,105.0,True,5005,5005.0,1.0
143,52.0,106.0,True,5005,5005.0,1.0
143,52.0,107.0,True,5005,5005.0,1.0
143,52.0,108.0,True,5005,5005.0,1.0
143,52.0,109.0,True,5005,5005.0,1.0
143,52.0,110.0,True,5005,5005.0,1.0
143,52.0,111.0,True,5005,5005.0,1.0
143,52.0,112.0,True,5005,5005.0,1.0
143,52.0,113.0,True,5005,5005.0,1.0
143,52.0,114.0,True,5005,5005.0,1.0
143,52.0,115.0,True,5005,5005.0,1.0
143,52.0,116.0,True,5005,5005.0,1.0
143,52.0,118.0,True,5005,5005.0,1.0
143,52.0,119.0,True,5005,5005.0,1.0
143,52.0,120.0,True,5005,5005.0,1.0
143,52.0,121.0,True,5005,5005.0,1.0
143,52.0,122.0,True,5005,5005.0,1.0
143,52.0,123.0,True,5005,5005.0,1.0
143,52.0,124.0,True,5005,5005.0,1.0
143,52.0,125.0,True,5005,5005.0,1.0
143,52.0,126.0,True,5005,5005.0,1.0
143,52.0,127.0,True,5005,5005.0,1.0
143,52.0,128.0,True,5005,5005.0,1.0
143,52.0,129.0,True,5005,5005.0,1.0
143,52.0,131.0,True,5005,5005.0,1.0
143,52.0,132.0,True,5005,5005.0,1.0
143,52.0,133.0,True,5005,5005.0,1.0
143,52.0,134.0,True,5005,5005.0,1.0
143,52.0,135.0,True,5005,5005.0,1.0
143,52.0,136.0,True,5005,5005.0,1.0
143,52.0,137.0,True,5005,5005.0,1.0
143,52.0,138.0,True,5005,5005.0,1.0
143,52.0,139.0,True,5005,5005.0,1.0
143,52.0,140.0,True,5005,5005.0,1.0
143,52.0,141.0,True,5005,5005.0,1.0
143,52.0,142.0,True,5005,5005.0,1.0
143,53.0,11.0,True,5005,5005.0,1.0
143,53.0,22.0,True,5005,5005.0,1.0
143,53.0,33.0,True,5005,5005.0,1.0
143,53.0,44.0,True,5005,5005.0,1.0
143,53.0,55.0,True,5005,5005.0,1.0
143,53.0,66.0,True,5005,5005.0,1.0
143,53.0,77.0,True,5005,5005.0,1.0
143,53.0,88.0,True,5005,5005.0,1.0
143,53.0,99.0,True,5005,5005.0,1.0
143,53.0,110.0,True,5005,5005.0,1.0
143,53.0,121.0,True,5005,5005.0,1.0
143,53.0,132.0,True,5005,5005.0,1.0
143,54.0,11.0,True,5005,5005.0,1.0
143,54.0,22.0,True,5005,5005.0,1.0
143,54.0,33.0,True,5005,5005.0,1.0
143,54.0,44.0,True,5005,5005.0,1.0
143,54.0,55.0,True,5005,5005.0,1.0
143,54.0,66.0,True,5005,5005.0,1.0
143,54.0,77.0,True,5005,5005.0,1.0
143,54.0,88.0,True,5005,5005.0,1.0
143,54.0,99.0,True,5005,5005.0,1.0
143,54.0,110.0,True,5005,5005.0,1.0
143,54.0,121.0,True,5005,5005.0,1.0
143,54.0,132.0,True,5005,5005.0,1.0
143,56.0,11.0,True,5005,5005.0,1.0
143,56.0,22.0,True,5005,5005.0,1.0
143,56.0,33.0,True,5005,5005.0,1.0
143,56.0,44.0,True,5005,5005.0,1.0
143,56.0,55.0,True,5005,5005.0,1.0
143,56.0,66.0,True,5005,5005.0,1.0
143,56.0,77.0,True,5005,5005.0,1.0
143,56.0,88.0,True,5005,5005.0,1.0
143,56.0,99.0,True,5005,5005.0,1.0
143,56.0,110.0,True,5005,5005.0,1.0
143,56.0,121.0,True,5005,5005.0,1.0
143,56.0,132.0,True,5005,5005.0,1.0
143,57.0,11.0,True,5005,5005.0,1.0
143,57.0,22.0,True,5005,5005.0,1.0
143,57.0,33.0,True,5005,5005.0,1.0
143,57.0,44.0,True,5005,5005.0,1.0
143,57.0,55.0,True,5005,5005.0,1.0
143,57.0,66.0,True,5005,5005.0,1.0
143,57.0,77.0,True,5005,5005.0,1.0
143,57.0,88.0,True,5005,5005.0,1.0
143,57.0,99.0,True,5005,5005.0,1.0
143,57.0,110.0,True,5005,5005.0,1.0
143,57.0,121.0,True,5005,5005.0,1.0
143,57.0,132.0,True,5005,5005.0,1.0
143,58.0,11.0,True,5005,5005.0,1.0
143,58.0,22.0,True,5005,5005.0,1.0
143,58.0,33.0,True,5005,5005.0,1.0
143,58.0,44.0,True,5005,5005.0,1.0
143,58.0,55.0,True,5005,5005.0,1.0
143,58.0,66.0,True,5005,5005.0,1.0
143,58.0,77.0,True,5005,5005.0,1.0
143,58.0,88.0,True,5005,5005.0,1.0
143,58.0,99.0,True,5005,5005.0,1.0
143,58.0,110.0,True,5005,5005.0,1.0
143,58.0,121.0,True,5005,5005.0,1.0
143,58.0,132.0,True,5005,5005.0,1.0
143,59.0,11.0,True,5005,5005.0,1.0
143,59.0,22.0,True,5005,5005.0,1.0
143,59.0,33.0,True,5005,5005.0,1.0
143,59.0,44.0,True,5005,5005.0,1.0
143,59.0,55.0,True,5005,5005.0,1.0
143,59.0,66.0,True,5005,5005.0,1.0
143,59.0,77.0,True,5005,5005.0,1.0
143,59.0,88.0,True,5005,5005.0,1.0
143,59.0,99.0,True,5005,5005.0,1.0
143,59.0,110.0,True,5005,5005.0,1.0
143,59.0,121.0,True,5005,5005.0,1.0
143,59.0,132.0,True,5005,5005.0,1.0
143,60.0,11.0,True,5005,5005.0,1.0
143,60.0,22.0,True,5005,5005.0,1.0
143,60.0,33.0,True,5005,5005.0,1.0
143,60.0,44.0,True,5005,5005.0,1.0
143,60.0,55.0,True,5005,5005.0,1.0
143,60.0,66.0,True,5005,5005.0,1.0
143,60.0,77.0,True,5005,5005.0,1.0
143,60.0,88.0,True,5005,5005.0,1.0
143,60.0,99.0,True,5005,5005.0,1.0
143,60.0,110.0,True,5005,5005.0,1.0
143,60.0,121.0,True,5005,5005.0,1.0
143,60.0,132.0,True,5005,5005.0,1.0
143,61.0,11.0,True,5005,5005.0,1.0
143,61.0,22.0,True,5005,5005.0,1.0
143,61.0,33.0,True,5005,5005.0,1.0
143,61.0,44.0,True,5005,5005.0,1.0
143,61.0,55.0,True,5005,5005.0,1.0
143,61.0,66.0,True,5005,5005.0,1.0
143,61.0,77.0,True,5005,5005.0,1.0
143,61.0,88.0,True,5005,5005.0,1.0
143,61.0,99.0,True,5005,5005.0,1.0
143,61.0,110.0,True,5005,5005.0,1.0
143,61.0,121.0,True,5005,5005.0,1.0
143,61.0,132.0,True,5005,5005.0,1.0
143,62.0,11.0,True,5005,5005.0,1.0
143,62.0,22.0,True,5005,5005.0,1.0
143,62.0,33.0,True,5005,5005.0,1.0
143,62.0,44.0,True,5005,5005.0,1.0
143,62.0,55.0,True,5005,5005.0,1.0
143,62.0,66.0,True,5005,5005.0,1.0
143,62.0,77.0,True,5005,5005.0,1.0
143,62.0,88.0,True,5005,5005.0,1.0
143,62.0,99.0,True,5005,5005.0,1.0
143,62.0,110.0,True,5005,5005.0,1.0
143,62.0,121.0,True,5005,5005.0,1.0
143,62.0,132.0,True,5005,5005.0,1.0
143,63.0,11.0,True,5005,5005.0,1.0
143,63.0,22.0,True,5005,5005.0,1.0
143,63.0,33.0,True,5005,5005.0,1.0
143,63.0,44.0,True,5005,5005.0,1.0
143,63.0,55.0,True,5005,5005.0,1.0
143,63.0,66.0,True,5005,5005.0,1.0
143,63.0,77.0,True,5005,5005.0,1.0
143,63.0,88.0,True,5005,5005.0,1.0
143,63.0,99.0,True,5005,5005.0,1.0
143,63.0,110.0,True,5005,5005.0,1.0
143,63.0,121.0,True,5005,5005.0,1.0
143,63.0,132.0,True,5005,5005.0,1.0
143,64.0,11.0,True,5005,5005.0,1.0
143,64.0,22.0,True,5005,5005.0,1.0
143,64.0,33.0,True,5005,5005.0,1.0
143,64.0,44.0,True,5005,5005.0,1.0
143,64.0,55.0,True,5005,5005.0,1.0
143,64.0,66.0,True,5005,5005.0,1.0
143,64.0,77.0,True,5005,5005.0,1.0
143,64.0,88.0,True,5005,5005.0,1.0
143,64.0,99.0,True,5005,5005.0,1.0
143,64.0,110.0,True,5005,5005.0,1.0
143,64.0,121.0,True,5005,5005.0,1.0
143,64.0,132.0,True,5005,5005.0,1.0
143,65.0,1.0,True,5005,5005.0,1.0
143,65.0,2.0,True,5005,5005.0,1.0
143,65.0,3.0,True,5005,5005.0,1.0
143,65.0,4.0,True,5005,5005.0,1.0
143,65.0,5.0,True,5005,5005.0,1.0
143,65.0,6.0,True,5005,5005.0,1.0
143,65.0,7.0,True,5005,5005.0,1.0
143,65.0,8.0,True,5005,5005.0,1.0
143,65.0,9.0,True,5005,5005.0,1.0
143,65.0,10.0,True,5005,5005.0,1.0
143,65.0,11.0,True,5005,5005.0,1.0
143,65.0,12.0,True,5005,5005.0,1.0
143,65.0,14.0,True,5005,5005.0,1.0
143,65.0,15.0,True,5005,5005.0,1.0
143,65.0,16.0,True,5005,5005.0,1.0
143,65.0,17.0,True,5005,5005.0,1.0
143,65.0,18.0,True,5005,5005.0,1.0
143,65.0,19.0,True,5005,5005.0,1.0
143,65.0,20.0,True,5005,5005.0,1.0
143,65.0,21.0,True,5005,5005.0,1.0
143,65.0,22.0,True,5005,5005.0,1.0
143,65.0,23.0,True,5005,5005.0,1.0
143,65.0,24.0,True,5005,5005.0,1.0
143,65.0,25.0,True,5005,5005.0,1.0
143,65.0,27.0,True,5005,5005.0,1.0
143,65.0,28.0,True,5005,5005.0,1.0
143,65.0,29.0,True,5005,5005.0,1.0
143,65.0,30.0,True,5005,5005.0,1.0
143,65.0,31.0,True,5005,5005.0,1.0
143,65.0,32.0,True,5005,5005.0,1.0
143,65.0,33.0,True,5005,5005.0,1.0
143,65.0,34.0,True,5005,5005.0,1.0
143,65.0,35.0,True,5005,5005.0,1.0
143,65.0,36.0,True,5005,5005.0,1.0
143,65.0,37.0,True,5005,5005.0,1.0
143,65.0,38.0,True,5005,5005.0,1.0
143,65.0,40.0,True,5005,5005.0,1.0
143,65.0,41.0,True,5005,5005.0,1.0
143,65.0,42.0,True,5005,5005.0,1.0
143,65.0,43.0,True,5005,5005.0,1.0
143,65.0,44.0,True,5005,5005.0,1.0
143,65.0,45.0,True,5005,5005.0,1.0
143,65.0,46.0,True,5005,5005.0,1.0
143,65.0,47.0,True,5005,5005.0,1.0
143,65.0,48.0,True,5005,5005.0,1.0
143,65.0,49.0,True,5005,5005.0,1.0
143,65.0,50.0,True,5005,5005.0,1.0
143,65.0,51.0,True,5005,5005.0,1.0
143,65.0,53.0,True,5005,5005.0,1.0
143,65.0,54.0,True,5005,5005.0,1.0
143,65.0,55.0,True,5005,5005.0,1.0
143,65.0,56.0,True,5005,5005.0,1.0
143,65.0,57.0,True,5005,5005.0,1.0
143,65.0,58.0,True,5005,5005.0,1.0
143,65.0,59.0,True,5005,5005.0,1.0
143,65.0,60.0,True,5005,5005.0,1.0
143,65.0,61.0,True,5005,5005.0,1.0
143,65.0,62.0,True,5005,5005.0,1.0
143,65.0,63.0,True,5005,5005.0,1.0
143,65.0,64.0,True,5005,5005.0,1.0
143,65.0,66.0,True,5005,5005.0,1.0
143,65.0,67.0,True,5005,5005.0,1.0
143,65.0,68.0,True,5005,5005.0,1.0
143,65.0,69.0,True,5005,5005.0,1.0
143,65.0,70.0,True,5005,5005.0,1.0
143,65.0,71.0,True,5005,5005.0,1.0
143,65.0,72.0,True,5005,5005.0,1.0
143,65.0,73.0,True,5005,5005.0,1.0
143,65.0,74.0,True,5005,5005.0,1.0
143,65.0,75.0,True,5005,5005.0,1.0
143,65.0,76.0,True,5005,5005.0,1.0
143,65.0,77.0,True,5005,5005.0,1.0
143,65.0,79.0,True,5005,5005.0,1.0
143,65.0,80.0,True,5005,5005.0,1.0
143,65.0,81.0,True,5005,5005.0,1.0
143,65.0,82.0,True,5005,5005.0,1.0
143,65.0,83.0,True,5005,5005.0,1.0
143,65.0,84.0,True,5005,5005.0,1.0
143,65.0,85.0,True,5005,5005.0,1.0
143,65.0,86.0,True,5005,5005.0,1.0
143,65.0,87.0,True,5005,5005.0,1.0
143,65.0,88.0,True,5005,5005.0,1.0
143,65.0,89.0,True,5005,5005.0,1.0
143,65.0,90.0,True,5005,5005.0,1.0
143,65.0,92.0,True,5005,5005.0,1.0
143,65.0,93.0,True,5005,5005.0,1.0
143,65.0,94.0,True,5005,5005.0,1.0
143,65.0,95.0,True,5005,5005.0,1.0
143,65.0,96.0,True,5005,5005.0,1.0
143,65.0,97.0,True,5005,5005.0,1.0
143,65.0,98.0,True,5005,5005.0,1.0
143,65.0,99.0,True,5005,5005.0,1.0
143,65.0,100.0,True,5005,5005.0,1.0
143,65.0,101.0,True,5005,5005.0,1.0
143,65.0,102.0,True,5005,5005.0,1.0
143,65.0,103.0,True,5005,5005.0,1.0
143,65.0,105.0,True,5005,5005.0,1.0
143,65.0,106.0,True,5005,5005.0,1.0
143,65.0,107.0,True,5005,5005.0,1.0
143,65.0,108.0,True,5005,5005.0,1.0
143,65.0,109.0,True,5005,5005.0,1.0
143,65.0,110.0,True,5005,5005.0,1.0
143,65.0,111.0,True,5005,5005.0,1.0
143,65.0,112.0,True,5005,5005.0,1.0
143,65.0,113.0,True,5005,5005.0,1.0
143,65.0,114.0,True,5005,5005.0,1.0
143,65.0,115.0,True,5005,5005.0,1.0
143,65.0,116.0,True,5005,5005.0,1.0
143,65.0,118.0,True,5005,5005.0,1.0
143,65.0,119.0,True,5005,5005.0,1.0
143,65.0,120.0,True,5005,5005.0,1.0
143,65.0,121.0,True,5005,5005.0,1.0
143,65.0,122.0,True,5005,5005.0,1.0
143,65.0,123.0,True,5005,5005.0,1.0
143,65.0,124.0,True,5005,5005.0,1.0
143,65.0,125.0,True,5005,5005.0,1.0
143,65.0,126.0,True,5005,5005.0,1.0
143,65.0,127.0,True,5005,5005.0,1.0
143,65.0,128.0,True,5005,5005.0,1.0
143,65.0,129.0,True,5005,5005.0,1.0
143,65.0,131.0,True,5005,5005.0,1.0
143,65.0,132.0,True,5005,5005.0,1.0
143,65.0,133.0,True,5005,5005.0,1.0
143,65.0,134.0,True,5005,5005.0,1.0
143,65.0,135.0,True,5005,5005.0,1.0
143,65.0,136.0,True,5005,5005.0,1.0
143,65.0,137.0,True,5005,5005.0,1.0
143,65.0,138.0,True,5005,5005.0,1.0
143,65.0,139.0,True,5005,5005.0,1.0
143,65.0,140.0,True,5005,5005.0,1.0
143,65.0,141.0,True,5005,5005.0,1.0
143,65.0,142.0,True,5005,5005.0,1.0
143,67.0,11.0,True,5005,5005.0,1.0
143,67.0,22.0,True,5005,5005.0,1.0
143,67.0,33.0,True,5005,5005.0,1.0
143,67.0,44.0,True,5005,5005.0,1.0
143,67.0,55.0,True,5005,5005.0,1.0
143,67.0,66.0,True,5005,5005.0,1.0
143,67.0,77.0,True,5005,5005.0,1.0
143,67.0,88.0,True,5005,5005.0,1.0
143,67.0,99.0,True,5005,5005.0,1.0
143,67.0,110.0,True,5005,5005.0,1.0
143,67.0,121.0,True,5005,5005.0,1.0
143,67.0,132.0,True,5005,5005.0,1.0
143,68.0,11.0,True,5005,5005.0,1.0
143,68.0,22.0,True,5005,5005.0,1.0
143,68.0,33.0,True,5005,5005.0,1.0
143,68.0,44.0,True,5005,5005.0,1.0
143,68.0,55.0,True,5005,5005.0,1.0
143,68.0,66.0,True,5005,5005.0,1.0
143,68.0,77.0,True,5005,5005.0,1.0
143,68.0,88.0,True,5005,5005.0,1.0
143,68.0,99.0,True,5005,5005.0,1.0
143,68.0,110.0,True,5005,5005.0,1.0
143,68.0,121.0,True,5005,5005.0,1.0
143,68.0,132.0,True,5005,5005.0,1.0
143,69.0,11.0,True,5005,5005.0,1.0
143,69.0,22.0,True,5005,5005.0,1.0
143,69.0,33.0,True,5005,5005.0,1.0
143,69.0,44.0,True,5005,5005.0,1.0
143,69.0,55.0,True,5005,5005.0,1.0
143,69.0,66.0,True,5005,5005.0,1.0
143,69.0,77.0,True,5005,5005.0,1.0
143,69.0,88.0,True,5005,5005.0,1.0
143,69.0,99.0,True,5005,5005.0,1.0
143,69.0,110.0,True,5005,5005.0,1.0
143,69.0,121.0,True,5005,5005.0,1.0
143,69.0,132.0,True,5005,5005.0,1.0
143,70.0,11.0,True,5005,5005.0,1.0
143,70.0,22.0,True,5005,5005.0,1.0
143,70.0,33.0,True,5005,5005.0,1.0
143,70.0,44.0,True,5005,5005.0,1.0
143,70.0,55.0,True,5005,5005.0,1.0
143,70.0,66.0,True,5005,5005.0,1.0
143,70.0,77.0,True,5005,5005.0,1.0
143,70.0,88.0,True,5005,5005.0,1.0
143,70.0,99.0,True,5005,5005.0,1.0
143,70.0,110.0,True,5005,5005.0,1.0
143,70.0,121.0,True,5005,5005.0,1.0
143,70.0,132.0,True,5005,5005.0,1.0
143,71.0,11.0,True,5005,5005.0,1.0
143,71.0,22.0,True,5005,5005.0,1.0
143,71.0,33.0,True,5005,5005.0,1.0
143,71.0,44.0,True,5005,5005.0,1.0
143,71.0,55.0,True,5005,5005.0,1.0
143,71.0,66.0,True,5005,5005.0,1.0
143,71.0,77.0,True,5005,5005.0,1.0
143,71.0,88.0,True,5005,5005.0,1.0
143,71.0,99.0,True,5005,5005.0,1.0
143,71.0,110.0,True,5005,5005.0,1.0
143,71.0,121.0,True,5005,5005.0,1.0
143,71.0,132.0,True,5005,5005.0,1.0
143,72.0,11.0,True,5005,5005.0,1.0
143,72.0,22.0,True,5005,5005.0,1.0
143,72.0,33.0,True,5005,5005.0,1.0
143,72.0,44.0,True,5005,5005.0,1.0
143,72.0,55.0,True,5005,5005.0,1.0
143,72.0,66.0,True,5005,5005.0,1.0
143,72.0,77.0,True,5005,5005.0,1.0
143,72.0,88.0,True,5005,5005.0,1.0
143,72.0,99.0,True,5005,5005.0,1.0
143,72.0,110.0,True,5005,5005.0,1.0
143,72.0,121.0,True,5005,5005.0,1.0
143,72.0,132.0,True,5005,5005.0,1.0
143,73.0,11.0,True,5005,5005.0,1.0
143,73.0,22.0,True,5005,5005.0,1.0
143,73.0,33.0,True,5005,5005.0,1.0
143,73.0,44.0,True,5005,5005.0,1.0
143,73.0,55.0,True,5005,5005.0,1.0
143,73.0,66.0,True,5005,5005.0,1.0
143,73.0,77.0,True,5005,5005.0,1.0
143,73.0,88.0,True,5005,5005.0,1.0
143,73.0,99.0,True,5005,5005.0,1.0
143,73.0,110.0,True,5005,5005.0,1.0
143,73.0,121.0,True,5005,5005.0,1.0
143,73.0,132.0,True,5005,5005.0,1.0
143,74.0,11.0,True,5005,5005.0,1.0
143,74.0,22.0,True,5005,5005.0,1.0
143,74.0,33.0,True,5005,5005.0,1.0
143,74.0,44.0,True,5005,5005.0,1.0
143,74.0,55.0,True,5005,5005.0,1.0
143,74.0,66.0,True,5005,5005.0,1.0
143,74.0,77.0,True,5005,5005.0,1.0
143,74.0,88.0,True,5005,5005.0,1.0
143,74.0,99.0,True,5005,5005.0,1.0
143,74.0,110.0,True,5005,5005.0,1.0
143,74.0,121.0,True,5005,5005.0,1.0
143,74.0,132.0,True,5005,5005.0,1.0
143,75.0,11.0,True,5005,5005.0,1.0
143,75.0,22.0,True,5005,5005.0,1.0
143,75.0,33.0,True,5005,5005.0,1.0
143,75.0,44.0,True,5005,5005.0,1.0
143,75.0,55.0,True,5005,5005.0,1.0
143,75.0,66.0,True,5005,5005.0,1.0
143,75.0,77.0,True,5005,5005.0,1.0
143,75.0,88.0,True,5005,5005.0,1.0
143,75.0,99.0,True,5005,5005.0,1.0
143,75.0,110.0,True,5005,5005.0,1.0
143,75.0,121.0,True,5005,5005.0,1.0
143,75.0,132.0,True,5005,5005.0,1.0
143,76.0,11.0,True,5005,5005.0,1.0
143,76.0,22.0,True,5005,5005.0,1.0
143,76.0,33.0,True,5005,5005.0,1.0
143,76.0,44.0,True,5005,5005.0,1.0
143,76.0,55.0,True,5005,5005.0,1.0
143,76.0,66.0,True,5005,5005.0,1.0
143,76.0,77.0,True,5005,5005.0,1.0
143,76.0,88.0,True,5005,5005.0,1.0
143,76.0,99.0,True,5005,5005.0,1.0
143,76.0,110.0,True,5005,5005.0,1.0
143,76.0,121.0,True,5005,5005.0,1.0
143,76.0,132.0,True,5005,5005.0,1.0
143,78.0,1.0,True,5005,5005.0,1.0
143,78.0,2.0,True,5005,5005.0,1.0
143,78.0,3.0,True,5005,5005.0,1.0
143,78.0,4.0,True,5005,5005.0,1.0
143,78.0,5.0,True,5005,5005.0,1.0
143,78.0,6.0,True,5005,5005.0,1.0
143,78.0,7.0,True,5005,5005.0,1.0
143,78.0,8.0,True,5005,5005.0,1.0
143,78.0,9.0,True,5005,5005.0,1.0
143,78.0,10.0,True,5005,5005.0,1.0
143,78.0,11.0,True,5005,5005.0,1.0
143,78.0,12.0,True,5005,5005.0,1.0
143,78.0,14.0,True,5005,5005.0,1.0
143,78.0,15.0,True,5005,5005.0,1.0
143,78.0,16.0,True,5005,5005.0,1.0
143,78.0,17.0,True,5005,5005.0,1.0
143,78.0,18.0,True,5005,5005.0,1.0
143,78.0,19.0,True,5005,5005.0,1.0
143,78.0,20.0,True,5005,5005.0,1.0
143,78.0,21.0,True,5005,5005.0,1.0
143,78.0,22.0,True,5005,5005.0,1.0
143,78.0,23.0,True,5005,5005.0,1.0
143,78.0,24.0,True,5005,5005.0,1.0
143,78.0,25.0,True,5005,5005.0,1.0
143,78.0,27.0,True,5005,5005.0,1.0
143,78.0,28.0,True,5005,5005.0,1.0
143,78.0,29.0,True,5005,5005.0,1.0
143,78.0,30.0,True,5005,5005.0,1.0
143,78.0,31.0,True,5005,5005.0,1.0
143,78.0,32.0,True,5005,5005.0,1.0
143,78.0,33.0,True,5005,5005.0,1.0
143,78.0,34.0,True,5005,5005.0,1.0
143,78.0,35.0,True,5005,5005.0,1.0
143,78.0,36.0,True,5005,5005.0,1.0
143,78.0,37.0,True,5005,5005.0,1.0
143,78.0,38.0,True,5005,5005.0,1.0
143,78.0,40.0,True,5005,5005.0,1.0
143,78.0,41.0,True,5005,5005.0,1.0
143,78.0,42.0,True,5005,5005.0,1.0
143,78.0,43.0,True,5005,5005.0,1.0
143,78.0,44.0,True,5005,5005.0,1.0
143,78.0,45.0,True,5005,5005.0,1.0
143,78.0,46.0,True,5005,5005.0,1.0
143,78.0,47.0,True,5005,5005.0,1.0
143,78.0,48.0,True,5005,5005.0,1.0
143,78.0,49.0,True,5005,5005.0,1.0
143,78.0,50.0,True,5005,5005.0,1.0
143,78.0,51.0,True,5005,5005.0,1.0
143,78.0,53.0,True,5005,5005.0,1.0
143,78.0,54.0,True,5005,5005.0,1.0
143,78.0,55.0,True,5005,5005.0,1.0
143,78.0,56.0,True,5005,5005.0,1.0
143,78.0,57.0,True,5005,5005.0,1.0
143,78.0,58.0,True,5005,5005.0,1.0
143,78.0,59.0,True,5005,5005.0,1.0
143,78.0,60.0,True,5005,5005.0,1.0
143,78.0,61.0,True,5005,5005.0,1.0
143,78.0,62.0,True,5005,5005.0,1.0
143,78.0,63.0,True,5005,5005.0,1.0
143,78.0,64.0,True,5005,5005.0,1.0
143,78.0,66.0,True,5005,5005.0,1.0
143,78.0,67.0,True,5005,5005.0,1.0
143,78.0,68.0,True,5005,5005.0,1.0
143,78.0,69.0,True,5005,5005.0,1.0
143,78.0,70.0,True,5005,5005.0,1.0
143,78.0,71.0,True,5005,5005.0,1.0
143,78.0,72.0,True,5005,5005.0,1.0
143,78.0,73.0,True,5005,5005.0,1.0
143,78.0,74.0,True,5005,5005.0,1.0
143,78.0,75.0,True,5005,5005.0,1.0
143,78.0,76.0,True,5005,5005.0,1.0
143,78.0,77.0,True,5005,5005.0,1.0
143,78.0,79.0,True,5005,5005.0,1.0
143,78.0,80.0,True,5005,5005.0,1.0
143,78.0,81.0,True,5005,5005.0,1.0
143,78.0,82.0,True,5005,5005.0,1.0
143,78.0,83.0,True,5005,5005.0,1.0
143,78.0,84.0,True,5005,5005.0,1.0
143,78.0,85.0,True,5005,5005.0,1.0
143,78.0,86.0,True,5005,5005.0,1.0
143,78.0,87.0,True,5005,5005.0,1.0
143,78.0,88.0,True,5005,5005.0,1.0
143,78.0,89.0,True,5005,5005.0,1.0
143,78.0,90.0,True,5005,5005.0,1.0
143,78.0,92.0,True,5005,5005.0,1.0
143,78.0,93.0,True,5005,5005.0,1.0
143,78.0,94.0,True,5005,5005.0,1.0
143,78.0,95.0,True,5005,5005.0,1.0
143,78.0,96.0,True,5005,5005.0,1.0
143,78.0,97.0,True,5005,5005.0,1.0
143,78.0,98.0,True,5005,5005.0,1.0
143,78.0,99.0,True,5005,5005.0,1.0
143,78.0,100.0,True,5005,5005.0,1.0
143,78.0,101.0,True,5005,5005.0,1.0
143,78.0,102.0,True,5005,5005.0,1.0
143,78.0,103.0,True,5005,5005.0,1.0
143,78.0,105.0,True,5005,5005.0,1.0
143,78.0,106.0,True,5005,5005.0,1.0
143,78.0,107.0,True,5005,5005.0,1.0
143,78.0,108.0,True,5005,5005.0,1.0
143,78.0,109.0,True,5005,5005.0,1.0
143,78.0,110.0,True,5005,5005.0,1.0
143,78.0,111.0,True,5005,5005.0,1.0
143,78.0,112.0,True,5005,5005.0,1.0
143,78.0,113.0,True,5005,5005.0,1.0
143,78.0,114.0,True,5005,5005.0,1.0
143,78.0,115.0,True,5005,5005.0,1.0
143,78.0,116.0,True,5005,5005.0,1.0
143,78.0,118.0,True,5005,5005.0,1.0
143,78.0,119.0,True,5005,5005.0,1.0
143,78.0,120.0,True,5005,5005.0,1.0
143,78.0,121.0,True,5005,5005.0,1.0
143,78.0,122.0,True,5005,5005.0,1.0
143,78.0,123.0,True,5005,5005.0,1.0
143,78.0,124.0,True,5005,5005.0,1.0
143,78.0,125.0,True,5005,5005.0,1.0
143,78.0,126.0,True,5005,5005.0,1.0
143,78.0,127.0,True,5005,5005.0,1.0
143,78.0,128.0,True,5005,5005.0,1.0
143,78.0,129.0,True,5005,5005.0,1.0
143,78.0,131.0,True,5005,5005.0,1.0
143,78.0,132.0,True,5005,5005.0,1.0
143,78.0,133.0,True,5005,5005.0,1.0
143,78.0,134.0,True,5005,5005.0,1.0
143,78.0,135.0,True,5005,5005.0,1.0
143,78.0,136.0,True,5005,5005.0,1.0
143,78.0,137.0,True,5005,5005.0,1.0
143,78.0,138.0,True,5005,5005.0,1.0
143,78.0,139.0,True,5005,5005.0,1.0
143,78.0,140.0,True,5005,5005.0,1.0
143,78.0,141.0,True,5005,5005.0,1.0
143,78.0,142.0,True,5005,5005.0,1.0
143,79.0,11.0,True,5005,5005.0,1.0
143,79.0,22.0,True,5005,5005.0,1.0
143,79.0,33.0,True,5005,5005.0,1.0
143,79.0,44.0,True,5005,5005.0,1.0
143,79.0,55.0,True,5005,5005.0,1.0
143,79.0,66.0,True,5005,5005.0,1.0
143,79.0,77.0,True,5005,5005.0,1.0
143,79.0,88.0,True,5005,5005.0,1.0
143,79.0,99.0,True,5005,5005.0,1.0
143,79.0,110.0,True,5005,5005.0,1.0
143,79.0,121.0,True,5005,5005.0,1.0
143,79.0,132.0,True,5005,5005.0,1.0
143,80.0,11.0,True,5005,5005.0,1.0
143,80.0,22.0,True,5005,5005.0,1.0
143,80.0,33.0,True,5005,5005.0,1.0
143,80.0,44.0,True,5005,5005.0,1.0
143,80.0,55.0,True,5005,5005.0,1.0
143,80.0,66.0,True,5005,5005.0,1.0
143,80.0,77.0,True,5005,5005.0,1.0
143,80.0,88.0,True,5005,5005.0,1.0
143,80.0,99.0,True,5005,5005.0,1.0
143,80.0,110.0,True,5005,5005.0,1.0
143,80.0,121.0,True,5005,5005.0,1.0
143,80.0,132.0,True,5005,5005.0,1.0
143,81.0,11.0,True,5005,5005.0,1.0
143,81.0,22.0,True,5005,5005.0,1.0
143,81.0,33.0,True,5005,5005.0,1.0
143,81.0,44.0,True,5005,5005.0,1.0
143,81.0,55.0,True,5005,5005.0,1.0
143,81.0,66.0,True,5005,5005.0,1.0
143,81.0,77.0,True,5005,5005.0,1.0
143,81.0,88.0,True,5005,5005.0,1.0
143,81.0,99.0,True,5005,5005.0,1.0
143,81.0,110.0,True,5005,5005.0,1.0
143,81.0,121.0,True,5005,5005.0,1.0
143,81.0,132.0,True,5005,5005.0,1.0
143,82.0,11.0,True,5005,5005.0,1.0
143,82.0,22.0,True,5005,5005.0,1.0
143,82.0,33.0,True,5005,5005.0,1.0
143,82.0,44.0,True,5005,5005.0,1.0
143,82.0,55.0,True,5005,5005.0,1.0
143,82.0,66.0,True,5005,5005.0,1.0
143,82.0,77.0,True,5005,5005.0,1.0
143,82.0,88.0,True,5005,5005.0,1.0
143,82.0,99.0,True,5005,5005.0,1.0
143,82.0,110.0,True,5005,5005.0,1.0
143,82.0,121.0,True,5005,5005.0,1.0
143,82.0,132.0,True,5005,5005.0,1.0
143,83.0,11.0,True,5005,5005.0,1.0
143,83.0,22.0,True,5005,5005.0,1.0
143,83.0,33.0,True,5005,5005.0,1.0
143,83.0,44.0,True,5005,5005.0,1.0
143,83.0,55.0,True,5005,5005.0,1.0
143,83.0,66.0,True,5005,5005.0,1.0
143,83.0,77.0,True,5005,5005.0,1.0
143,83.0,88.0,True,5005,5005.0,1.0
143,83.0,99.0,True,5005,5005.0,1.0
143,83.0,110.0,True,5005,5005.0,1.0
143,83.0,121.0,True,5005,5005.0,1.0
143,83.0,132.0,True,5005,5005.0,1.0
143,84.0,11.0,True,5005,5005.0,1.0
143,84.0,22.0,True,5005,5005.0,1.0
143,84.0,33.0,True,5005,5005.0,1.0
143,84.0,44.0,True,5005,5005.0,1.0
143,84.0,55.0,True,5005,5005.0,1.0
143,84.0,66.0,True,5005,5005.0,1.0
143,84.0,77.0,True,5005,5005.0,1.0
143,84.0,88.0,True,5005,5005.0,1.0
143,84.0,99.0,True,5005,5005.0,1.0
143,84.0,110.0,True,5005,5005.0,1.0
143,84.0,121.0,True,5005,5005.0,1.0
143,84.0,132.0,True,5005,5005.0,1.0
143,85.0,11.0,True,5005,5005.0,1.0
143,85.0,22.0,True,5005,5005.0,1.0
143,85.0,33.0,True,5005,5005.0,1.0
143,85.0,44.0,True,5005,5005.0,1.0
143,85.0,55.0,True,5005,5005.0,1.0
143,85.0,66.0,True,5005,5005.0,1.0
143,85.0,77.0,True,5005,5005.0,1.0
143,85.0,88.0,True,5005,5005.0,1.0
143,85.0,99.0,True,5005,5005.0,1.0
143,85.0,110.0,True,5005,5005.0,1.0
143,85.0,121.0,True,5005,5005.0,1.0
143,85.0,132.0,True,5005,5005.0,1.0
143,86.0,11.0,True,5005,5005.0,1.0
143,86.0,22.0,True,5005,5005.0,1.0
143,86.0,33.0,True,5005,5005.0,1.0
143,86.0,44.0,True,5005,5005.0,1.0
143,86.0,55.0,True,5005,5005.0,1.0
143,86.0,66.0,True,5005,5005.0,1.0
143,86.0,77.0,True,5005,5005.0,1.0
143,86.0,88.0,True,5005,5005.0,1.0
143,86.0,99.0,True,5005,5005.0,1.0
143,86.0,110.0,True,5005,5005.0,1.0
143,86.0,121.0,True,5005,5005.0,1.0
143,86.0,132.0,True,5005,5005.0,1.0
143,87.0,11.0,True,5005,5005.0,1.0
143,87.0,22.0,True,5005,5005.0,1.0
143,87.0,33.0,True,5005,5005.0,1.0
143,87.0,44.0,True,5005,5005.0,1.0
143,87.0,55.0,True,5005,5005.0,1.0
143,87.0,66.0,True,5005,5005.0,1.0
143,87.0,77.0,True,5005,5005.0,1.0
143,87.0,88.0,True,5005,5005.0,1.0
143,87.0,99.0,True,5005,5005.0,1.0
143,87.0,110.0,True,5005,5005.0,1.0
143,87.0,121.0,True,5005,5005.0,1.0
143,87.0,132.0,True,5005,5005.0,1.0
143,89.0,11.0,True,5005,5005.0,1.0
143,89.0,22.0,True,5005,5005.0,1.0
143,89.0,33.0,True,5005,5005.0,1.0
143,89.0,44.0,True,5005,5005.0,1.0
143,89.0,55.0,True,5005,5005.0,1.0
143,89.0,66.0,True,5005,5005.0,1.0
143,89.0,77.0,True,5005,5005.0,1.0
143,89.0,88.0,True,5005,5005.0,1.0
143,89.0,99.0,True,5005,5005.0,1.0
143,89.0,110.0,True,5005,5005.0,1.0
143,89.0,121.0,True,5005,5005.0,1.0
143,89.0,132.0,True,5005,5005.0,1.0
143,90.0,11.0,True,5005,5005.0,1.0
143,90.0,22.0,True,5005,5005.0,1.0
143,90.0,33.0,True,5005,5005.0,1.0
143,90.0,44.0,True,5005,5005.0,1.0
143,90.0,55.0,True,5005,5005.0,1.0
143,90.0,66.0,True,5005,5005.0,1.0
143,90.0,77.0,True,5005,5005.0,1.0
143,90.0,88.0,True,5005,5005.0,1.0
143,90.0,99.0,True,5005,5005.0,1.0
143,90.0,110.0,True,5005,5005.0,1.0
143,90.0,121.0,True,5005,5005.0,1.0
143,90.0,132.0,True,5005,5005.0,1.0
143,91.0,1.0,True,5005,5005.0,1.0
143,91.0,2.0,True,5005,5005.0,1.0
143,91.0,3.0,True,5005,5005.0,1.0
143,91.0,4.0,True,5005,5005.0,1.0
143,91.0,5.0,True,5005,5005.0,1.0
143,91.0,6.0,True,5005,5005.0,1.0
143,91.0,7.0,True,5005,5005.0,1.0
143,91.0,8.0,True,5005,5005.0,1.0
143,91.0,9.0,True,5005,5005.0,1.0
143,91.0,10.0,True,5005,5005.0,1.0
143,91.0,11.0,True,5005,5005.0,1.0
143,91.0,12.0,True,5005,5005.0,1.0
143,91.0,14.0,True,5005,5005.0,1.0
143,91.0,15.0,True,5005,5005.0,1.0
143,91.0,16.0,True,5005,5005.0,1.0
143,91.0,17.0,True,5005,5005.0,1.0
143,91.0,18.0,True,5005,5005.0,1.0
143,91.0,19.0,True,5005,5005.0,1.0
143,91.0,20.0,True,5005,5005.0,1.0
143,91.0,21.0,True,5005,5005.0,1.0
143,91.0,22.0,True,5005,5005.0,1.0
143,91.0,23.0,True,5005,5005.0,1.0
143,91.0,24.0,True,5005,5005.0,1.0
143,91.0,25.0,True,5005,5005.0,1.0
143,91.0,27.0,True,5005,5005.0,1.0
143,91.0,28.0,True,5005,5005.0,1.0
143,91.0,29.0,True,5005,5005.0,1.0
143,91.0,30.0,True,5005,5005.0,1.0
143,91.0,31.0,True,5005,5005.0,1.0
143,91.0,32.0,True,5005,5005.0,1.0
143,91.0,33.0,True,5005,5005.0,1.0
143,91.0,34.0,True,5005,5005.0,1.0
143,91.0,35.0,True,5005,5005.0,1.0
143,91.0,36.0,True,5005,5005.0,1.0
143,91.0,37.0,True,5005,5005.0,1.0
143,91.0,38.0,True,5005,5005.0,1.0
143,91.0,40.0,True,5005,5005.0,1.0
143,91.0,41.0,True,5005,5005.0,1.0
143,91.0,42.0,True,5005,5005.0,1.0
143,91.0,43.0,True,5005,5005.0,1.0
143,91.0,44.0,True,5005,5005.0,1.0
143,91.0,45.0,True,5005,5005.0,1.0
143,91.0,46.0,True,5005,5005.0,1.0
143,91.0,47.0,True,5005,5005.0,1.0
143,91.0,48.0,True,5005,5005.0,1.0
143,91.0,49.0,True,5005,5005.0,1.0
143,91.0,50.0,True,5005,5005.0,1.0
143,91.0,51.0,True,5005,5005.0,1.0
143,91.0,53.0,True,5005,5005.0,1.0
143,91.0,54.0,True,5005,5005.0,1.0
143,91.0,55.0,True,5005,5005.0,1.0
143,91.0,56.0,True,5005,5005.0,1.0
143,91.0,57.0,True,5005,5005.0,1.0
143,91.0,58.0,True,5005,5005.0,1.0
143,91.0,59.0,True,5005,5005.0,1.0
143,91.0,60.0,True,5005,5005.0,1.0
143,91.0,61.0,True,5005,5005.0,1.0
143,91.0,62.0,True,5005,5005.0,1.0
143,91.0,63.0,True,5005,5005.0,1.0
143,91.0,64.0,True,5005,5005.0,1.0
143,91.0,66.0,True,5005,5005.0,1.0
143,91.0,67.0,True,5005,5005.0,1.0
143,91.0,68.0,True,5005,5005.0,1.0
143,91.0,69.0,True,5005,5005.0,1.0
143,91.0,70.0,True,5005,5005.0,1.0
143,91.0,71.0,True,5005,5005.0,1.0
143,91.0,72.0,True,5005,5005.0,1.0
143,91.0,73.0,True,5005,5005.0,1.0
143,91.0,74.0,True,5005,5005.0,1.0
143,91.0,75.0,True,5005,5005.0,1.0
143,91.0,76.0,True,5005,5005.0,1.0
143,91.0,77.0,True,5005,5005.0,1.0
143,91.0,79.0,True,5005,5005.0,1.0
143,91.0,80.0,True,5005,5005.0,1.0
143,91.0,81.0,True,5005,5005.0,1.0
143,91.0,82.0,True,5005,5005.0,1.0
143,91.0,83.0,True,5005,5005.0,1.0
143,91.0,84.0,True,5005,5005.0,1.0
143,91.0,85.0,True,5005,5005.0,1.0
143,91.0,86.0,True,5005,5005.0,1.0
143,91.0,87.0,True,5005,5005.0,1.0
143,91.0,88.0,True,5005,5005.0,1.0
143,91.0,89.0,True,5005,5005.0,1.0
143,91.0,90.0,True,5005,5005.0,1.0
143,91.0,92.0,True,5005,5005.0,1.0
143,91.0,93.0,True,5005,5005.0,1.0
143,91.0,94.0,True,5005,5005.0,1.0
143,91.0,95.0,True,5005,5005.0,1.0
143,91.0,96.0,True,5005,5005.0,1.0
143,91.0,97.0,True,5005,5005.0,1.0
143,91.0,98.0,True,5005,5005.0,1.0
143,91.0,99.0,True,5005,5005.0,1.0
143,91.0,100.0,True,5005,5005.0,1.0
143,91.0,101.0,True,5005,5005.0,1.0
143,91.0,102.0,True,5005,5005.0,1.0
143,91.0,103.0,True,5005,5005.0,1.0
143,91.0,105.0,True,5005,5005.0,1.0
143,91.0,106.0,True,5005,5005.0,1.0
143,91.0,107.0,True,5005,5005.0,1.0
143,91.0,108.0,True,5005,5005.0,1.0
143,91.0,109.0,True,5005,5005.0,1.0
143,91.0,110.0,True,5005,5005.0,1.0
143,91.0,111.0,True,5005,5005.0,1.0
143,91.0,112.0,True,5005,5005.0,1.0
143,91.0,113.0,True,5005,5005.0,1.0
143,91.0,114.0,True,5005,5005.0,1.0
143,91.0,115.0,True,5005,5005.0,1.0
143,91.0,116.0,True,5005,5005.0,1.0
143,91.0,118.0,True,5005,5005.0,1.0
143,91.0,119.0,True,5005,5005.0,1.0
143,91.0,120.0,True,5005,5005.0,1.0
143,91.0,121.0,True,5005,5005.0,1.0
143,91.0,122.0,True,5005,5005.0,1.0
143,91.0,123.0,True,5005,5005.0,1.0
143,91.0,124.0,True,5005,5005.0,1.0
143,91.0,125.0,True,5005,5005.0,1.0
143,91.0,126.0,True,5005,5005.0,1.0
143,91.0,127.0,True,5005,5005.0,1.0
143,91.0,128.0,True,5005,5005.0,1.0
143,91.0,129.0,True,5005,5005.0,1.0
143,91.0,131.0,True,5005,5005.0,1.0
143,91.0,132.0,True,5005,5005.0,1.0
143,91.0,133.0,True,5005,5005.0,1.0
143,91.0,134.0,True,5005,5005.0,1.0
143,91.0,135.0,True,5005,5005.0,1.0
143,91.0,136.0,True,5005,5005.0,1.0
143,91.0,137.0,True,5005,5005.0,1.0
143,91.0,138.0,True,5005,5005.0,1.0
143,91.0,139.0,True,5005,5005.0,1.0
143,91.0,140.0,True,5005,5005.0,1.0
143,91.0,141.0,True,5005,5005.0,1.0
143,91.0,142.0,True,5005,5005.0,1.0
143,92.0,11.0,True,5005,5005.0,1.0
143,92.0,22.0,True,5005,5005.0,1.0
143,92.0,33.0,True,5005,5005.0,1.0
143,92.0,44.0,True,5005,5005.0,1.0
143,92.0,55.0,True,5005,5005.0,1.0
143,92.0,66.0,True,5005,5005.0,1.0
143,92.0,77.0,True,5005,5005.0,1.0
143,92.0,88.0,True,5005,5005.0,1.0
143,92.0,99.0,True,5005,5005.0,1.0
143,92.0,110.0,True,5005,5005.0,1.0
143,92.0,121.0,True,5005,5005.0,1.0
143,92.0,132.0,True,5005,5005.0,1.0
143,93.0,11.0,True,5005,5005.0,1.0
143,93.0,22.0,True,5005,5005.0,1.0
143,93.0,33.0,True,5005,5005.0,1.0
143,93.0,44.0,True,5005,5005.0,1.0
143,93.0,55.0,True,5005,5005.0,1.0
143,93.0,66.0,True,5005,5005.0,1.0
143,93.0,77.0,True,5005,5005.0,1.0
143,93.0,88.0,True,5005,5005.0,1.0
143,93.0,99.0,True,5005,5005.0,1.0
143,93.0,110.0,True,5005,5005.0,1.0
143,93.0,121.0,True,5005,5005.0,1.0
143,93.0,132.0,True,5005,5005.0,1.0
143,94.0,11.0,True,5005,5005.0,1.0
143,94.0,22.0,True,5005,5005.0,1.0
143,94.0,33.0,True,5005,5005.0,1.0
143,94.0,44.0,True,5005,5005.0,1.0
143,94.0,55.0,True,5005,5005.0,1.0
143,94.0,66.0,True,5005,5005.0,1.0
143,94.0,77.0,True,5005,5005.0,1.0
143,94.0,88.0,True,5005,5005.0,1.0
143,94.0,99.0,True,5005,5005.0,1.0
143,94.0,110.0,True,5005,5005.0,1.0
143,94.0,121.0,True,5005,5005.0,1.0
143,94.0,132.0,True,5005,5005.0,1.0
143,95.0,11.0,True,5005,5005.0,1.0
143,95.0,22.0,True,5005,5005.0,1.0
143,95.0,33.0,True,5005,5005.0,1.0
143,95.0,44.0,True,5005,5005.0,1.0
143,95.0,55.0,True,5005,5005.0,1.0
143,95.0,66.0,True,5005,5005.0,1.0
143,95.0,77.0,True,5005,5005.0,1.0
143,95.0,88.0,True,5005,5005.0,1.0
143,95.0,99.0,True,5005,5005.0,1.0
143,95.0,110.0,True,5005,5005.0,1.0
143,95.0,121.0,True,5005,5005.0,1.0
143,95.0,132.0,True,5005,5005.0,1.0
143,96.0,11.0,True,5005,5005.0,1.0
143,96.0,22.0,True,5005,5005.0,1.0
143,96.0,33.0,True,5005,5005.0,1.0
143,96.0,44.0,True,5005,5005.0,1.0
143,96.0,55.0,True,5005,5005.0,1.0
143,96.0,66.0,True,5005,5005.0,1.0
143,96.0,77.0,True,5005,5005.0,1.0
143,96.0,88.0,True,5005,5005.0,1.0
143,96.0,99.0,True,5005,5005.0,1.0
143,96.0,110.0,True,5005,5005.0,1.0
143,96.0,121.0,True,5005,5005.0,1.0
143,96.0,132.0,True,5005,5005.0,1.0
143,97.0,11.0,True,5005,5005.0,1.0
143,97.0,22.0,True,5005,5005.0,1.0
143,97.0,33.0,True,5005,5005.0,1.0
143,97.0,44.0,True,5005,5005.0,1.0
143,97.0,55.0,True,5005,5005.0,1.0
143,97.0,66.0,True,5005,5005.0,1.0
143,97.0,77.0,True,5005,5005.0,1.0
143,97.0,88.0,True,5005,5005.0,1.0
143,97.0,99.0,True,5005,5005.0,1.0
143,97.0,110.0,True,5005,5005.0,1.0
143,97.0,121.0,True,5005,5005.0,1.0
143,97.0,132.0,True,5005,5005.0,1.0
143,98.0,11.0,True,5005,5005.0,1.0
143,98.0,22.0,True,5005,5005.0,1.0
143,98.0,33.0,True,5005,5005.0,1.0
143,98.0,44.0,True,5005,5005.0,1.0
143,98.0,55.0,True,5005,5005.0,1.0
143,98.0,66.0,True,5005,5005.0,1.0
143,98.0,77.0,True,5005,5005.0,1.0
143,98.0,88.0,True,5005,5005.0,1.0
143,98.0,99.0,True,5005,5005.0,1.0
143,98.0,110.0,True,5005,5005.0,1.0
143,98.0,121.0,True,5005,5005.0,1.0
143,98.0,132.0,True,5005,5005.0,1.0
143,100.0,11.0,True,5005,5005.0,1.0
143,100.0,22.0,True,5005,5005.0,1.0
143,100.0,33.0,True,5005,5005.0,1.0
143,100.0,44.0,True,5005,5005.0,1.0
143,100.0,55.0,True,5005,5005.0,1.0
143,100.0,66.0,True,5005,5005.0,1.0
143,100.0,77.0,True,5005,5005.0,1.0
143,100.0,88.0,True,5005,5005.0,1.0
143,100.0,99.0,True,5005,5005.0,1.0
143,100.0,110.0,True,5005,5005.0,1.0
143,100.0,121.0,True,5005,5005.0,1.0
143,100.0,132.0,True,5005,5005.0,1.0
143,101.0,11.0,True,5005,5005.0,1.0
143,101.0,22.0,True,5005,5005.0,1.0
143,101.0,33.0,True,5005,5005.0,1.0
143,101.0,44.0,True,5005,5005.0,1.0
143,101.0,55.0,True,5005,5005.0,1.0
143,101.0,66.0,True,5005,5005.0,1.0
143,101.0,77.0,True,5005,5005.0,1.0
143,101.0,88.0,True,5005,5005.0,1.0
143,101.0,99.0,True,5005,5005.0,1.0
143,101.0,110.0,True,5005,5005.0,1.0
143,101.0,121.0,True,5005,5005.0,1.0
143,101.0,132.0,True,5005,5005.0,1.0
143,102.0,11.0,True,5005,5005.0,1.0
143,102.0,22.0,True,5005,5005.0,1.0
143,102.0,33.0,True,5005,5005.0,1.0
143,102.0,44.0,True,5005,5005.0,1.0
143,102.0,55.0,True,5005,5005.0,1.0
143,102.0,66.0,True,5005,5005.0,1.0
143,102.0,77.0,True,5005,5005.0,1.0
143,102.0,88.0,True,5005,5005.0,1.0
143,102.0,99.0,True,5005,5005.0,1.0
143,102.0,110.0,True,5005,5005.0,1.0
143,102.0,121.0,True,5005,5005.0,1.0
143,102.0,132.0,True,5005,5005.0,1.0
143,103.0,11.0,True,5005,5005.0,1.0
143,103.0,22.0,True,5005,5005.0,1.0
143,103.0,33.0,True,5005,5005.0,1.0
143,103.0,44.0,True,5005,5005.0,1.0
143,103.0,55.0,True,5005,5005.0,1.0
143,103.0,66.0,True,5005,5005.0,1.0
143,103.0,77.0,True,5005,5005.0,1.0
143,103.0,88.0,True,5005,5005.0,1.0
143,103.0,99.0,True,5005,5005.0,1.0
143,103.0,110.0,True,5005,5005.0,1.0
143,103.0,121.0,True,5005,5005.0,1.0
143,103.0,132.0,True,5005,5005.0,1.0
143,104.0,1.0,True,5005,5005.0,1.0
143,104.0,2.0,True,5005,5005.0,1.0
143,104.0,3.0,True,5005,5005.0,1.0
143,104.0,4.0,True,5005,5005.0,1.0
143,104.0,5.0,True,5005,5005.0,1.0
143,104.0,6.0,True,5005,5005.0,1.0
143,104.0,7.0,True,5005,5005.0,1.0
143,104.0,8.0,True,5005,5005.0,1.0
143,104.0,9.0,True,5005,5005.0,1.0
143,104.0,10.0,True,5005,5005.0,1.0
143,104.0,11.0,True,5005,5005.0,1.0
143,104.0,12.0,True,5005,5005.0,1.0
143,104.0,14.0,True,5005,5005.0,1.0
143,104.0,15.0,True,5005,5005.0,1.0
143,104.0,16.0,True,5005,5005.0,1.0
143,104.0,17.0,True,5005,5005.0,1.0
143,104.0,18.0,True,5005,5005.0,1.0
143,104.0,19.0,True,5005,5005.0,1.0
143,104.0,20.0,True,5005,5005.0,1.0
143,104.0,21.0,True,5005,5005.0,1.0
143,104.0,22.0,True,5005,5005.0,1.0
143,104.0,23.0,True,5005,5005.0,1.0
143,104.0,24.0,True,5005,5005.0,1.0
143,104.0,25.0,True,5005,5005.0,1.0
143,104.0,27.0,True,5005,5005.0,1.0
143,104.0,28.0,True,5005,5005.0,1.0
143,104.0,29.0,True,5005,5005.0,1.0
143,104.0,30.0,True,5005,5005.0,1.0
143,104.0,31.0,True,5005,5005.0,1.0
143,104.0,32.0,True,5005,5005.0,1.0
143,104.0,33.0,True,5005,5005.0,1.0
143,104.0,34.0,True,5005,5005.0,1.0
143,104.0,35.0,True,5005,5005.0,1.0
143,104.0,36.0,True,5005,5005.0,1.0
143,104.0,37.0,True,5005,5005.0,1.0
143,104.0,38.0,True,5005,5005.0,1.0
143,104.0,40.0,True,5005,5005.0,1.0
143,104.0,41.0,True,5005,5005.0,1.0
143,104.0,42.0,True,5005,5005.0,1.0
143,104.0,43.0,True,5005,5005.0,1.0
143,104.0,44.0,True,5005,5005.0,1.0
143,104.0,45.0,True,5005,5005.0,1.0
143,104.0,46.0,True,5005,5005.0,1.0
143,104.0,47.0,True,5005,5005.0,1.0
143,104.0,48.0,True,5005,5005.0,1.0
143,104.0,49.0,True,5005,5005.0,1.0
143,104.0,50.0,True,5005,5005.0,1.0
143,104.0,51.0,True,5005,5005.0,1.0
143,104.0,53.0,True,5005,5005.0,1.0
143,104.0,54.0,True,5005,5005.0,1.0
143,104.0,55.0,True,5005,5005.0,1.0
143,104.0,56.0,True,5005,5005.0,1.0
143,104.0,57.0,True,5005,5005.0,1.0
143,104.0,58.0,True,5005,5005.0,1.0
143,104.0,59.0,True,5005,5005.0,1.0
143,104.0,60.0,True,5005,5005.0,1.0
143,104.0,61.0,True,5005,5005.0,1.0
143,104.0,62.0,True,5005,5005.0,1.0
143,104.0,63.0,True,5005,5005.0,1.0
143,104.0,64.0,True,5005,5005.0,1.0
143,104.0,66.0,True,5005,5005.0,1.0
143,104.0,67.0,True,5005,5005.0,1.0
143,104.0,68.0,True,5005,5005.0,1.0
143,104.0,69.0,True,5005,5005.0,1.0
143,104.0,70.0,True,5005,5005.0,1.0
143,104.0,71.0,True,5005,5005.0,1.0
143,104.0,72.0,True,5005,5005.0,1.0
143,104.0,73.0,True,5005,5005.0,1.0
143,104.0,74.0,True,5005,5005.0,1.0
143,104.0,75.0,True,5005,5005.0,1.0
143,104.0,76.0,True,5005,5005.0,1.0
143,104.0,77.0,True,5005,5005.0,1.0
143,104.0,79.0,True,5005,5005.0,1.0
143,104.0,80.0,True,5005,5005.0,1.0
143,104.0,81.0,True,5005,5005.0,1.0
143,104.0,82.0,True,5005,5005.0,1.0
143,104.0,83.0,True,5005,5005.0,1.0
143,104.0,84.0,True,5005,5005.0,1.0
143,104.0,85.0,True,5005,5005.0,1.0
143,104.0,86.0,True,5005,5005.0,1.0
143,104.0,87.0,True,5005,5005.0,1.0
143,104.0,88.0,True,5005,5005.0,1.0
143,104.0,89.0,True,5005,5005.0,1.0
143,104.0,90.0,True,5005,5005.0,1.0
143,104.0,92.0,True,5005,5005.0,1.0
143,104.0,93.0,True,5005,5005.0,1.0
143,104.0,94.0,True,5005,5005.0,1.0
143,104.0,95.0,True,5005,5005.0,1.0
143,104.0,96.0,True,5005,5005.0,1.0
143,104.0,97.0,True,5005,5005.0,1.0
143,104.0,98.0,True,5005,5005.0,1.0
143,104.0,99.0,True,5005,5005.0,1.0
143,104.0,100.0,True,5005,5005.0,1.0
143,104.0,101.0,True,5005,5005.0,1.0
143,104.0,102.0,True,5005,5005.0,1.0
143,104.0,103.0,True,5005,5005.0,1.0
143,104.0,105.0,True,5005,5005.0,1.0
143,104.0,106.0,True,5005,5005.0,1.0
143,104.0,107.0,True,5005,5005.0,1.0
143,104.0,108.0,True,5005,5005.0,1.0
143,104.0,109.0,True,5005,5005.0,1.0
143,104.0,110.0,True,5005,5005.0,1.0
143,104.0,111.0,True,5005,5005.0,1.0
143,104.0,112.0,True,5005,5005.0,1.0
143,104.0,113.0,True,5005,5005.0,1.0
143,104.0,114.0,True,5005,5005.0,1.0
143,104.0,115.0,True,5005,5005.0,1.0
143,104.0,116.0,True,5005,5005.0,1.0
143,104.0,118.0,True,5005,5005.0,1.0
143,104.0,119.0,True,5005,5005.0,1.0
143,104.0,120.0,True,5005,5005.0,1.0
143,104.0,121.0,True,5005,5005.0,1.0
143,104.0,122.0,True,5005,5005.0,1.0
143,104.0,123.0,True,5005,5005.0,1.0
143,104.0,124.0,True,5005,5005.0,1.0
143,104.0,125.0,True,5005,5005.0,1.0
143,104.0,126.0,True,5005,5005.0,1.0
143,104.0,127.0,True,5005,5005.0,1.0
143,104.0,128.0,True,5005,5005.0,1.0
143,104.0,129.0,True,5005,5005.0,1.0
143,104.0,131.0,True,5005,5005.0,1.0
143,104.0,132.0,True,5005,5005.0,1.0
143,104.0,133.0,True,5005,5005.0,1.0
143,104.0,134.0,True,5005,5005.0,1.0
143,104.0,135.0,True,5005,5005.0,1.0
143,104.0,136.0,True,5005,5005.0,1.0
143,104.0,137.0,True,5005,5005.0,1.0
143,104.0,138.0,True,5005,5005.0,1.0
143,104.0,139.0,True,5005,5005.0,1.0
143,104.0,140.0,True,5005,5005.0,1.0
143,104.0,141.0,True,5005,5005.0,1.0
143,104.0,142.0,True,5005,5005.0,1.0
143,105.0,11.0,True,5005,5005.0,1.0
143,105.0,22.0,True,5005,5005.0,1.0
143,105.0,33.0,True,5005,5005.0,1.0
143,105.0,44.0,True,5005,5005.0,1.0
143,105.0,55.0,True,5005,5005.0,1.0
143,105.0,66.0,True,5005,5005.0,1.0
143,105.0,77.0,True,5005,5005.0,1.0
143,105.0,88.0,True,5005,5005.0,1.0
143,105.0,99.0,True,5005,5005.0,1.0
143,105.0,110.0,True,5005,5005.0,1.0
143,105.0,121.0,True,5005,5005.0,1.0
143,105.0,132.0,True,5005,5005.0,1.0
143,106.0,11.0,True,5005,5005.0,1.0
143,106.0,22.0,True,5005,5005.0,1.0
143,106.0,33.0,True,5005,5005.0,1.0
143,106.0,44.0,True,5005,5005.0,1.0
143,106.0,55.0,True,5005,5005.0,1.0
143,106.0,66.0,True,5005,5005.0,1.0
143,106.0,77.0,True,5005,5005.0,1.0
143,106.0,88.0,True,5005,5005.0,1.0
143,106.0,99.0,True,5005,5005.0,1.0
143,106.0,110.0,True,5005,5005.0,1.0
143,106.0,121.0,True,5005,5005.0,1.0
143,106.0,132.0,True,5005,5005.0,1.0
143,107.0,11.0,True,5005,5005.0,1.0
143,107.0,22.0,True,5005,5005.0,1.0
143,107.0,33.0,True,5005,5005.0,1.0
143,107.0,44.0,True,5005,5005.0,1.0
143,107.0,55.0,True,5005,5005.0,1.0
143,107.0,66.0,True,5005,5005.0,1.0
143,107.0,77.0,True,5005,5005.0,1.0
143,107.0,88.0,True,5005,5005.0,1.0
143,107.0,99.0,True,5005,5005.0,1.0
143,107.0,110.0,True,5005,5005.0,1.0
143,107.0,121.0,True,5005,5005.0,1.0
143,107.0,132.0,True,5005,5005.0,1.0
143,108.0,11.0,True,5005,5005.0,1.0
143,108.0,22.0,True,5005,5005.0,1.0
143,108.0,33.0,True,5005,5005.0,1.0
143,108.0,44.0,True,5005,5005.0,1.0
143,108.0,55.0,True,5005,5005.0,1.0
143,108.0,66.0,True,5005,5005.0,1.0
143,108.0,77.0,True,5005,5005.0,1.0
143,108.0,88.0,True,5005,5005.0,1.0
143,108.0,99.0,True,5005,5005.0,1.0
143,108.0,110.0,True,5005,5005.0,1.0
143,108.0,121.0,True,5005,5005.0,1.0
143,108.0,132.0,True,5005,5005.0,1.0
143,109.0,11.0,True,5005,5005.0,1.0
143,109.0,22.0,True,5005,5005.0,1.0
143,109.0,33.0,True,5005,5005.0,1.0
143,109.0,44.0,True,5005,5005.0,1.0
143,109.0,55.0,True,5005,5005.0,1.0
143,109.0,66.0,True,5005,5005.0,1.0
143,109.0,77.0,True,5005,5005.0,1.0
143,109.0,88.0,True,5005,5005.0,1.0
143,109.0,99.0,True,5005,5005.0,1.0
143,109.0,110.0,True,5005,5005.0,1.0
143,109.0,121.0,True,5005,5005.0,1.0
143,109.0,132.0,True,5005,5005.0,1.0
143,111.0,11.0,True,5005,5005.0,1.0
143,111.0,22.0,True,5005,5005.0,1.0
143,111.0,33.0,True,5005,5005.0,1.0
143,111.0,44.0,True,5005,5005.0,1.0
143,111.0,55.0,True,5005,5005.0,1.0
143,111.0,66.0,True,5005,5005.0,1.0
143,111.0,77.0,True,5005,5005.0,1.0
143,111.0,88.0,True,5005,5005.0,1.0
143,111.0,99.0,True,5005,5005.0,1.0
143,111.0,110.0,True,5005,5005.0,1.0
143,111.0,121.0,True,5005,5005.0,1.0
143,111.0,132.0,True,5005,5005.0,1.0
143,112.0,11.0,True,5005,5005.0,1.0
143,112.0,22.0,True,5005,5005.0,1.0
143,112.0,33.0,True,5005,5005.0,1.0
143,112.0,44.0,True,5005,5005.0,1.0
143,112.0,55.0,True,5005,5005.0,1.0
143,112.0,66.0,True,5005,5005.0,1.0
143,112.0,77.0,True,5005,5005.0,1.0
143,112.0,88.0,True,5005,5005.0,1.0
143,112.0,99.0,True,5005,5005.0,1.0
143,112.0,110.0,True,5005,5005.0,1.0
143,112.0,121.0,True,5005,5005.0,1.0
143,112.0,132.0,True,5005,5005.0,1.0
143,113.0,11.0,True,5005,5005.0,1.0
143,113.0,22.0,True,5005,5005.0,1.0
143,113.0,33.0,True,5005,5005.0,1.0
143,113.0,44.0,True,5005,5005.0,1.0
143,113.0,55.0,True,5005,5005.0,1.0
143,113.0,66.0,True,5005,5005.0,1.0
143,113.0,77.0,True,5005,5005.0,1.0
143,113.0,88.0,True,5005,5005.0,1.0
143,113.0,99.0,True,5005,5005.0,1.0
143,113.0,110.0,True,5005,5005.0,1.0
143,113.0,121.0,True,5005,5005.0,1.0
143,113.0,132.0,True,5005,5005.0,1.0
143,114.0,11.0,True,5005,5005.0,1.0
143,114.0,22.0,True,5005,5005.0,1.0
143,114.0,33.0,True,5005,5005.0,1.0
143,114.0,44.0,True,5005,5005.0,1.0
143,114.0,55.0,True,5005,5005.0,1.0
143,114.0,66.0,True,5005,5005.0,1.0
143,114.0,77.0,True,5005,5005.0,1.0
143,114.0,88.0,True,5005,5005.0,1.0
143,114.0,99.0,True,5005,5005.0,1.0
143,114.0,110.0,True,5005,5005.0,1.0
143,114.0,121.0,True,5005,5005.0,1.0
143,114.0,132.0,True,5005,5005.0,1.0
143,115.0,11.0,True,5005,5005.0,1.0
143,115.0,22.0,True,5005,5005.0,1.0
143,115.0,33.0,True,5005,5005.0,1.0
143,115.0,44.0,True,5005,5005.0,1.0
143,115.0,55.0,True,5005,5005.0,1.0
143,115.0,66.0,True,5005,5005.0,1.0
143,115.0,77.0,True,5005,5005.0,1.0
143,115.0,88.0,True,5005,5005.0,1.0
143,115.0,99.0,True,5005,5005.0,1.0
143,115.0,110.0,True,5005,5005.0,1.0
143,115.0,121.0,True,5005,5005.0,1.0
143,115.0,132.0,True,5005,5005.0,1.0
143,116.0,11.0,True,5005,5005.0,1.0
143,116.0,22.0,True,5005,5005.0,1.0
143,116.0,33.0,True,5005,5005.0,1.0
143,116.0,44.0,True,5005,5005.0,1.0
143,116.0,55.0,True,5005,5005.0,1.0
143,116.0,66.0,True,5005,5005.0,1.0
143,116.0,77.0,True,5005,5005.0,1.0
143,116.0,88.0,True,5005,5005.0,1.0
143,116.0,99.0,True,5005,5005.0,1.0
143,116.0,110.0,True,5005,5005.0,1.0
143,116.0,121.0,True,5005,5005.0,1.0
143,116.0,132.0,True,5005,5005.0,1.0
143,117.0,1.0,True,5005,5005.0,1.0
143,117.0,2.0,True,5005,5005.0,1.0
143,117.0,3.0,True,5005,5005.0,1.0
143,117.0,4.0,True,5005,5005.0,1.0
143,117.0,5.0,True,5005,5005.0,1.0
143,117.0,6.0,True,5005,5005.0,1.0
143,117.0,7.0,True,5005,5005.0,1.0
143,117.0,8.0,True,5005,5005.0,1.0
143,117.0,9.0,True,5005,5005.0,1.0
143,117.0,10.0,True,5005,5005.0,1.0
143,117.0,11.0,True,5005,5005.0,1.0
143,117.0,12.0,True,5005,5005.0,1.0
143,117.0,14.0,True,5005,5005.0,1.0
143,117.0,15.0,True,5005,5005.0,1.0
143,117.0,16.0,True,5005,5005.0,1.0
143,117.0,17.0,True,5005,5005.0,1.0
143,117.0,18.0,True,5005,5005.0,1.0
143,117.0,19.0,True,5005,5005.0,1.0
143,117.0,20.0,True,5005,5005.0,1.0
143,117.0,21.0,True,5005,5005.0,1.0
143,117.0,22.0,True,5005,5005.0,1.0
143,117.0,23.0,True,5005,5005.0,1.0
143,117.0,24.0,True,5005,5005.0,1.0
143,117.0,25.0,True,5005,5005.0,1.0
143,117.0,27.0,True,5005,5005.0,1.0
143,117.0,28.0,True,5005,5005.0,1.0
143,117.0,29.0,True,5005,5005.0,1.0
143,117.0,30.0,True,5005,5005.0,1.0
143,117.0,31.0,True,5005,5005.0,1.0
143,117.0,32.0,True,5005,5005.0,1.0
143,117.0,33.0,True,5005,5005.0,1.0
143,117.0,34.0,True,5005,5005.0,1.0
143,117.0,35.0,True,5005,5005.0,1.0
143,117.0,36.0,True,5005,5005.0,1.0
143,117.0,37.0,True,5005,5005.0,1.0
143,117.0,38.0,True,5005,5005.0,1.0
143,117.0,40.0,True,5005,5005.0,1.0
143,117.0,41.0,True,5005,5005.0,1.0
143,117.0,42.0,True,5005,5005.0,1.0
143,117.0,43.0,True,5005,5005.0,1.0
143,117.0,44.0,True,5005,5005.0,1.0
143,117.0,45.0,True,5005,5005.0,1.0
143,117.0,46.0,True,5005,5005.0,1.0
143,117.0,47.0,True,5005,5005.0,1.0
143,117.0,48.0,True,5005,5005.0,1.0
143,117.0,49.0,True,5005,5005.0,1.0
143,117.0,50.0,True,5005,5005.0,1.0
143,117.0,51.0,True,5005,5005.0,1.0
143,117.0,53.0,True,5005,5005.0,1.0
143,117.0,54.0,True,5005,5005.0,1.0
143,117.0,55.0,True,5005,5005.0,1.0
143,117.0,56.0,True,5005,5005.0,1.0
143,117.0,57.0,True,5005,5005.0,1.0
143,117.0,58.0,True,5005,5005.0,1.0
143,117.0,59.0,True,5005,5005.0,1.0
143,117.0,60.0,True,5005,5005.0,1.0
143,117.0,61.0,True,5005,5005.0,1.0
143,117.0,62.0,True,5005,5005.0,1.0
143,117.0,63.0,True,5005,5005.0,1.0
143,117.0,64.0,True,5005,5005.0,1.0
143,117.0,66.0,True,5005,5005.0,1.0
143,117.0,67.0,True,5005,5005.0,1.0
143,117.0,68.0,True,5005,5005.0,1.0
143,117.0,69.0,True,5005,5005.0,1.0
143,117.0,70.0,True,5005,5005.0,1.0
143,117.0,71.0,True,5005,5005.0,1.0
143,117.0,72.0,True,5005,5005.0,1.0
143,117.0,73.0,True,5005,5005.0,1.0
143,117.0,74.0,True,5005,5005.0,1.0
143,117.0,75.0,True,5005,5005.0,1.0
143,117.0,76.0,True,5005,5005.0,1.0
143,117.0,77.0,True,5005,5005.0,1.0
143,117.0,79.0,True,5005,5005.0,1.0
143,117.0,80.0,True,5005,5005.0,1.0
143,117.0,81.0,True,5005,5005.0,1.0
143,117.0,82.0,True,5005,5005.0,1.0
143,117.0,83.0,True,5005,5005.0,1.0
143,117.0,84.0,True,5005,5005.0,1.0
143,117.0,85.0,True,5005,5005.0,1.0
143,117.0,86.0,True,5005,5005.0,1.0
143,117.0,87.0,True,5005,5005.0,1.0
143,117.0,88.0,True,5005,5005.0,1.0
143,117.0,89.0,True,5005,5005.0,1.0
143,117.0,90.0,True,5005,5005.0,1.0
143,117.0,92.0,True,5005,5005.0,1.0
143,117.0,93.0,True,5005,5005.0,1.0
143,117.0,94.0,True,5005,5005.0,1.0
143,117.0,95.0,True,5005,5005.0,1.0
143,117.0,96.0,True,5005,5005.0,1.0
143,117.0,97.0,True,5005,5005.0,1.0
143,117.0,98.0,True,5005,5005.0,1.0
143,117.0,99.0,True,5005,5005.0,1.0
143,117.0,100.0,True,5005,5005.0,1.0
143,117.0,101.0,True,5005,5005.0,1.0
143,117.0,102.0,True,5005,5005.0,1.0
143,117.0,103.0,True,5005,5005.0,1.0
143,117.0,105.0,True,5005,5005.0,1.0
143,117.0,106.0,True,5005,5005.0,1.0
143,117.0,107.0,True,5005,5005.0,1.0
143,117.0,108.0,True,5005,5005.0,1.0
143,117.0,109.0,True,5005,5005.0,1.0
143,117.0,110.0,True,5005,5005.0,1.0
143,117.0,111.0,True,5005,5005.0,1.0
143,117.0,112.0,True,5005,5005.0,1.0
143,117.0,113.0,True,5005,5005.0,1.0
143,117.0,114.0,True,5005,5005.0,1.0
143,117.0,115.0,True,5005,5005.0,1.0
143,117.0,116.0,True,5005,5005.0,1.0
143,117.0,118.0,True,5005,5005.0,1.0
143,117.0,119.0,True,5005,5005.0,1.0
143,117.0,120.0,True,5005,5005.0,1.0
143,117.0,121.0,True,5005,5005.0,1.0
143,117.0,122.0,True,5005,5005.0,1.0
143,117.0,123.0,True,5005,5005.0,1.0
143,117.0,124.0,True,5005,5005.0,1.0
143,117.0,125.0,True,5005,5005.0,1.0
143,117.0,126.0,True,5005,5005.0,1.0
143,117.0,127.0,True,5005,5005.0,1.0
143,117.0,128.0,True,5005,5005.0,1.0
143,117.0,129.0,True,5005,5005.0,1.0
143,117.0,131.0,True,5005,5005.0,1.0
143,117.0,132.0,True,5005,5005.0,1.0
143,117.0,133.0,True,5005,5005.0,1.0
143,117.0,134.0,True,5005,5005.0,1.0
143,117.0,135.0,True,5005,5005.0,1.0
143,117.0,136.0,True,5005,5005.0,1.0
143,117.0,137.0,True,5005,5005.0,1.0
143,117.0,138.0,True,5005,5005.0,1.0
143,117.0,139.0,True,5005,5005.0,1.0
143,117.0,140.0,True,5005,5005.0,1.0
143,117.0,141.0,True,5005,5005.0,1.0
143,117.0,142.0,True,5005,5005.0,1.0
143,118.0,11.0,True,5005,5005.0,1.0
143,118.0,22.0,True,5005,5005.0,1.0
143,118.0,33.0,True,5005,5005.0,1.0
143,118.0,44.0,True,5005,5005.0,1.0
143,118.0,55.0,True,5005,5005.0,1.0
143,118.0,66.0,True,5005,5005.0,1.0
143,118.0,77.0,True,5005,5005.0,1.0
143,118.0,88.0,True,5005,5005.0,1.0
143,118.0,99.0,True,5005,5005.0,1.0
143,118.0,110.0,True,5005,5005.0,1.0
143,118.0,121.0,True,5005,5005.0,1.0
143,118.0,132.0,True,5005,5005.0,1.0
143,119.0,11.0,True,5005,5005.0,1.0
143,119.0,22.0,True,5005,5005.0,1.0
143,119.0,33.0,True,5005,5005.0,1.0
143,119.0,44.0,True,5005,5005.0,1.0
143,119.0,55.0,True,5005,5005.0,1.0
143,119.0,66.0,True,5005,5005.0,1.0
143,119.0,77.0,True,5005,5005.0,1.0
143,119.0,88.0,True,5005,5005.0,1.0
143,119.0,99.0,True,5005,5005.0,1.0
143,119.0,110.0,True,5005,5005.0,1.0
143,119.0,121.0,True,5005,5005.0,1.0
143,119.0,132.0,True,5005,5005.0,1.0
143,120.0,11.0,True,5005,5005.0,1.0
143,120.0,22.0,True,5005,5005.0,1.0
143,120.0,33.0,True,5005,5005.0,1.0
143,120.0,44.0,True,5005,5005.0,1.0
143,120.0,55.0,True,5005,5005.0,1.0
143,120.0,66.0,True,5005,5005.0,1.0
143,120.0,77.0,True,5005,5005.0,1.0
143,120.0,88.0,True,5005,5005.0,1.0
143,120.0,99.0,True,5005,5005.0,1.0
143,120.0,110.0,True,5005,5005.0,1.0
143,120.0,121.0,True,5005,5005.0,1.0
143,120.0,132.0,True,5005,5005.0,1.0
143,122.0,11.0,True,5005,5005.0,1.0
143,122.0,22.0,True,5005,5005.0,1.0
143,122.0,33.0,True,5005,5005.0,1.0
143,122.0,44.0,True,5005,5005.0,1.0
143,122.0,55.0,True,5005,5005.0,1.0
143,122.0,66.0,True,5005,5005.0,1.0
143,122.0,77.0,True,5005,5005.0,1.0
143,122.0,88.0,True,5005,5005.0,1.0
143,122.0,99.0,True,5005,5005.0,1.0
143,122.0,110.0,True,5005,5005.0,1.0
143,122.0,121.0,True,5005,5005.0,1.0
143,122.0,132.0,True,5005,5005.0,1.0
143,123.0,11.0,True,5005,5005.0,1.0
143,123.0,22.0,True,5005,5005.0,1.0
143,123.0,33.0,True,5005,5005.0,1.0
143,123.0,44.0,True,5005,5005.0,1.0
143,123.0,55.0,True,5005,5005.0,1.0
143,123.0,66.0,True,5005,5005.0,1.0
143,123.0,77.0,True,5005,5005.0,1.0
143,123.0,88.0,True,5005,5005.0,1.0
143,123.0,99.0,True,5005,5005.0,1.0
143,123.0,110.0,True,5005,5005.0,1.0
143,123.0,121.0,True,5005,5005.0,1.0
143,123.0,132.0,True,5005,5005.0,1.0
143,124.0,11.0,True,5005,5005.0,1.0
143,124.0,22.0,True,5005,5005.0,1.0
143,124.0,33.0,True,5005,5005.0,1.0
143,124.0,44.0,True,5005,5005.0,1.0
143,124.0,55.0,True,5005,5005.0,1.0
143,124.0,66.0,True,5005,5005.0,1.0
143,124.0,77.0,True,5005,5005.0,1.0
143,124.0,88.0,True,5005,5005.0,1.0
143,124.0,99.0,True,5005,5005.0,1.0
143,124.0,110.0,True,5005,5005.0,1.0
143,124.0,121.0,True,5005,5005.0,1.0
143,124.0,132.0,True,5005,5005.0,1.0
143,125.0,11.0,True,5005,5005.0,1.0
143,125.0,22.0,True,5005,5005.0,1.0
143,125.0,33.0,True,5005,5005.0,1.0
143,125.0,44.0,True,5005,5005.0,1.0
143,125.0,55.0,True,5005,5005.0,1.0
143,125.0,66.0,True,5005,5005.0,1.0
143,125.0,77.0,True,5005,5005.0,1.0
143,125.0,88.0,True,5005,5005.0,1.0
143,125.0,99.0,True,5005,5005.0,1.0
143,125.0,110.0,True,5005,5005.0,1.0
143,125.0,121.0,True,5005,5005.0,1.0
143,125.0,132.0,True,5005,5005.0,1.0
143,126.0,11.0,True,5005,5005.0,1.0
143,126.0,22.0,True,5005,5005.0,1.0
143,126.0,33.0,True,5005,5005.0,1.0
143,126.0,44.0,True,5005,5005.0,1.0
143,126.0,55.0,True,5005,5005.0,1.0
143,126.0,66.0,True,5005,5005.0,1.0
143,126.0,77.0,True,5005,5005.0,1.0
143,126.0,88.0,True,5005,5005.0,1.0
143,126.0,99.0,True,5005,5005.0,1.0
143,126.0,110.0,True,5005,5005.0,1.0
143,126.0,121.0,True,5005,5005.0,1.0
143,126.0,132.0,True,5005,5005.0,1.0
143,127.0,11.0,True,5005,5005.0,1.0
143,127.0,22.0,True,5005,5005.0,1.0
143,127.0,33.0,True,5005,5005.0,1.0
143,127.0,44.0,True,5005,5005.0,1.0
143,127.0,55.0,True,5005,5005.0,1.0
143,127.0,66.0,True,5005,5005.0,1.0
143,127.0,77.0,True,5005,5005.0,1.0
143,127.0,88.0,True,5005,5005.0,1.0
143,127.0,99.0,True,5005,5005.0,1.0
143,127.0,110.0,True,5005,5005.0,1.0
143,127.0,121.0,True,5005,5005.0,1.0
143,127.0,132.0,True,5005,5005.0,1.0
143,128.0,11.0,True,5005,5005.0,1.0
143,128.0,22.0,True,5005,5005.0,1.0
143,128.0,33.0,True,5005,5005.0,1.0
143,128.0,44.0,True,5005,5005.0,1.0
143,128.0,55.0,True,5005,5005.0,1.0
143,128.0,66.0,True,5005,5005.0,1.0
143,128.0,77.0,True,5005,5005.0,1.0
143,128.0,88.0,True,5005,5005.0,1.0
143,128.0,99.0,True,5005,5005.0,1.0
143,128.0,110.0,True,5005,5005.0,1.0
143,128.0,121.0,True,5005,5005.0,1.0
143,128.0,132.0,True,5005,5005.0,1.0
143,129.0,11.0,True,5005,5005.0,1.0
143,129.0,22.0,True,5005,5005.0,1.0
143,129.0,33.0,True,5005,5005.0,1.0
143,129.0,44.0,True,5005,5005.0,1.0
143,129.0,55.0,True,5005,5005.0,1.0
143,129.0,66.0,True,5005,5005.0,1.0
143,129.0,77.0,True,5005,5005.0,1.0
143,129.0,88.0,True,5005,5005.0,1.0
143,129.0,99.0,True,5005,5005.0,1.0
143,129.0,110.0,True,5005,5005.0,1.0
143,129.0,121.0,True,5005,5005.0,1.0
143,129.0,132.0,True,5005,5005.0,1.0
143,130.0,1.0,True,5005,5005.0,1.0
143,130.0,2.0,True,5005,5005.0,1.0
143,130.0,3.0,True,5005,5005.0,1.0
143,130.0,4.0,True,5005,5005.0,1.0
143,130.0,5.0,True,5005,5005.0,1.0
143,130.0,6.0,True,5005,5005.0,1.0
143,130.0,7.0,True,5005,5005.0,1.0
143,130.0,8.0,True,5005,5005.0,1.0
143,130.0,9.0,True,5005,5005.0,1.0
143,130.0,10.0,True,5005,5005.0,1.0
143,130.0,11.0,True,5005,5005.0,1.0
143,130.0,12.0,True,5005,5005.0,1.0
143,130.0,14.0,True,5005,5005.0,1.0
143,130.0,15.0,True,5005,5005.0,1.0
143,130.0,16.0,True,5005,5005.0,1.0
143,130.0,17.0,True,5005,5005.0,1.0
143,130.0,18.0,True,5005,5005.0,1.0
143,130.0,19.0,True,5005,5005.0,1.0
143,130.0,20.0,True,5005,5005.0,1.0
143,130.0,21.0,True,5005,5005.0,1.0
143,130.0,22.0,True,5005,5005.0,1.0
143,130.0,23.0,True,5005,5005.0,1.0
143,130.0,24.0,True,5005,5005.0,1.0
143,130.0,25.0,True,5005,5005.0,1.0
143,130.0,27.0,True,5005,5005.0,1.0
143,130.0,28.0,True,5005,5005.0,1.0
143,130.0,29.0,True,5005,5005.0,1.0
143,130.0,30.0,True,5005,5005.0,1.0
143,130.0,31.0,True,5005,5005.0,1.0
143,130.0,32.0,True,5005,5005.0,1.0
143,130.0,33.0,True,5005,5005.0,1.0
143,130.0,34.0,True,5005,5005.0,1.0
143,130.0,35.0,True,5005,5005.0,1.0
143,130.0,36.0,True,5005,5005.0,1.0
143,130.0,37.0,True,5005,5005.0,1.0
143,130.0,38.0,True,5005,5005.0,1.0
143,130.0,40.0,True,5005,5005.0,1.0
143,130.0,41.0,True,5005,5005.0,1.0
143,130.0,42.0,True,5005,5005.0,1.0
143,130.0,43.0,True,5005,5005.0,1.0
143,130.0,44.0,True,5005,5005.0,1.0
143,130.0,45.0,True,5005,5005.0,1.0
143,130.0,46.0,True,5005,5005.0,1.0
143,130.0,47.0,True,5005,5005.0,1.0
143,130.0,48.0,True,5005,5005.0,1.0
143,130.0,49.0,True,5005,5005.0,1.0
143,130.0,50.0,True,5005,5005.0,1.0
143,130.0,51.0,True,5005,5005.0,1.0
143,130.0,53.0,True,5005,5005.0,1.0
143,130.0,54.0,True,5005,5005.0,1.0
143,130.0,55.0,True,5005,5005.0,1.0
143,130.0,56.0,True,5005,5005.0,1.0
143,130.0,57.0,True,5005,5005.0,1.0
143,130.0,58.0,True,5005,5005.0,1.0
143,130.0,59.0,True,5005,5005.0,1.0
143,130.0,60.0,True,5005,5005.0,1.0
143,130.0,61.0,True,5005,5005.0,1.0
143,130.0,62.0,True,5005,5005.0,1.0
143,130.0,63.0,True,5005,5005.0,1.0
143,130.0,64.0,True,5005,5005.0,1.0
143,130.0,66.0,True,5005,5005.0,1.0
143,130.0,67.0,True,5005,5005.0,1.0
143,130.0,68.0,True,5005,5005.0,1.0
143,130.0,69.0,True,5005,5005.0,1.0
143,130.0,70.0,True,5005,5005.0,1.0
143,130.0,71.0,True,5005,5005.0,1.0
143,130.0,72.0,True,5005,5005.0,1.0
143,130.0,73.0,True,5005,5005.0,1.0
143,130.0,74.0,True,5005,5005.0,1.0
143,130.0,75.0,True,5005,5005.0,1.0
143,130.0,76.0,True,5005,5005.0,1.0
143,130.0,77.0,True,5005,5005.0,1.0
143,130.0,79.0,True,5005,5005.0,1.0
143,130.0,80.0,True,5005,5005.0,1.0
143,130.0,81.0,True,5005,5005.0,1.0
143,130.0,82.0,True,5005,5005.0,1.0
143,130.0,83.0,True,5005,5005.0,1.0
143,130.0,84.0,True,5005,5005.0,1.0
143,130.0,85.0,True,5005,5005.0,1.0
143,130.0,86.0,True,5005,5005.0,1.0
143,130.0,87.0,True,5005,5005.0,1.0
143,130.0,88.0,True,5005,5005.0,1.0
143,130.0,89.0,True,5005,5005.0,1.0
143,130.0,90.0,True,5005,5005.0,1.0
143,130.0,92.0,True,5005,5005.0,1.0
143,130.0,93.0,True,5005,5005.0,1.0
143,130.0,94.0,True,5005,5005.0,1.0
143,130.0,95.0,True,5005,5005.0,1.0
143,130.0,96.0,True,5005,5005.0,1.0
143,130.0,97.0,True,5005,5005.0,1.0
143,130.0,98.0,True,5005,5005.0,1.0
143,130.0,99.0,True,5005,5005.0,1.0
143,130.0,100.0,True,5005,5005.0,1.0
143,130.0,101.0,True,5005,5005.0,1.0
143,130.0,102.0,True,5005,5005.0,1.0
143,130.0,103.0,True,5005,5005.0,1.0
143,130.0,105.0,True,5005,5005.0,1.0
143,130.0,106.0,True,5005,5005.0,1.0
143,130.0,107.0,True,5005,5005.0,1.0
143,130.0,108.0,True,5005,5005.0,1.0
143,130.0,109.0,True,5005,5005.0,1.0
143,130.0,110.0,True,5005,5005.0,1.0
143,130.0,111.0,True,5005,5005.0,1.0
143,130.0,112.0,True,5005,5005.0,1.0
143,130.0,113.0,True,5005,5005.0,1.0
143,130.0,114.0,True,5005,5005.0,1.0
143,130.0,115.0,True,5005,5005.0,1.0
143,130.0,116.0,True,5005,5005.0,1.0
143,130.0,118.0,True,5005,5005.0,1.0
143,130.0,119.0,True,5005,5005.0,1.0
143,130.0,120.0,True,5005,5005.0,1.0
143,130.0,121.0,True,5005,5005.0,1.0
143,130.0,122.0,True,5005,5005.0,1.0
143,130.0,123.0,True,5005,5005.0,1.0
143,130.0,124.0,True,5005,5005.0,1.0
143,130.0,125.0,True,5005,5005.0,1.0
143,130.0,126.0,True,5005,5005.0,1.0
143,130.0,127.0,True,5005,5005.0,1.0
143,130.0,128.0,True,5005,5005.0,1.0
143,130.0,129.0,True,5005,5005.0,1.0
143,130.0,131.0,True,5005,5005.0,1.0
143,130.0,132.0,True,5005,5005.0,1.0
143,130.0,133.0,True,5005,5005.0,1.0
143,130.0,134.0,True,5005,5005.0,1.0
143,130.0,135.0,True,5005,5005.0,1.0
143,130.0,136.0,True,5005,5005.0,1.0
143,130.0,137.0,True,5005,5005.0,1.0
143,130.0,138.0,True,5005,5005.0,1.0
143,130.0,139.0,True,5005,5005.0,1.0
143,130.0,140.0,True,5005,5005.0,1.0
143,130.0,141.0,True,5005,5005.0,1.0
143,130.0,142.0,True,5005,5005.0,1.0
143,131.0,11.0,True,5005,5005.0,1.0
143,131.0,22.0,True,5005,5005.0,1.0
143,131.0,33.0,True,5005,5005.0,1.0
143,131.0,44.0,True,5005,5005.0,1.0
143,131.0,55.0,True,5005,5005.0,1.0
143,131.0,66.0,True,5005,5005.0,1.0
143,131.0,77.0,True,5005,5005.0,1.0
143,131.0,88.0,True,5005,5005.0,1.0
143,131.0,99.0,True,5005,5005.0,1.0
143,131.0,110.0,True,5005,5005.0,1.0
143,131.0,121.0,True,5005,5005.0,1.0
143,131.0,132.0,True,5005,5005.0,1.0
143,133.0,11.0,True,5005,5005.0,1.0
143,133.0,22.0,True,5005,5005.0,1.0
143,133.0,33.0,True,5005,5005.0,1.0
143,133.0,44.0,True,5005,5005.0,1.0
143,133.0,55.0,True,5005,5005.0,1.0
143,133.0,66.0,True,5005,5005.0,1.0
143,133.0,77.0,True,5005,5005.0,1.0
143,133.0,88.0,True,5005,5005.0,1.0
143,133.0,99.0,True,5005,5005.0,1.0
143,133.0,110.0,True,5005,5005.0,1.0
143,133.0,121.0,True,5005,5005.0,1.0
143,133.0,132.0,True,5005,5005.0,1.0
143,134.0,11.0,True,5005,5005.0,1.0
143,134.0,22.0,True,5005,5005.0,1.0
143,134.0,33.0,True,5005,5005.0,1.0
143,134.0,44.0,True,5005,5005.0,1.0
143,134.0,55.0,True,5005,5005.0,1.0
143,134.0,66.0,True,5005,5005.0,1.0
143,134.0,77.0,True,5005,5005.0,1.0
143,134.0,88.0,True,5005,5005.0,1.0
143,134.0,99.0,True,5005,5005.0,1.0
143,134.0,110.0,True,5005,5005.0,1.0
143,134.0,121.0,True,5005,5005.0,1.0
143,134.0,132.0,True,5005,5005.0,1.0
143,135.0,11.0,True,5005,5005.0,1.0
143,135.0,22.0,True,5005,5005.0,1.0
143,135.0,33.0,True,5005,5005.0,1.0
143,135.0,44.0,True,5005,5005.0,1.0
143,135.0,55.0,True,5005,5005.0,1.0
143,135.0,66.0,True,5005,5005.0,1.0
143,135.0,77.0,True,5005,5005.0,1.0
143,135.0,88.0,True,5005,5005.0,1.0
143,135.0,99.0,True,5005,5005.0,1.0
143,135.0,110.0,True,5005,5005.0,1.0
143,135.0,121.0,True,5005,5005.0,1.0
143,135.0,132.0,True,5005,5005.0,1.0
143,136.0,11.0,True,5005,5005.0,1.0
143,136.0,22.0,True,5005,5005.0,1.0
143,136.0,33.0,True,5005,5005.0,1.0
143,136.0,44.0,True,5005,5005.0,1.0
143,136.0,55.0,True,5005,5005.0,1.0
143,136.0,66.0,True,5005,5005.0,1.0
143,136.0,77.0,True,5005,5005.0,1.0
143,136.0,88.0,True,5005,5005.0,1.0
143,136.0,99.0,True,5005,5005.0,1.0
143,136.0,110.0,True,5005,5005.0,1.0
143,136.0,121.0,True,5005,5005.0,1.0
143,136.0,132.0,True,5005,5005.0,1.0
143,137.0,11.0,True,5005,5005.0,1.0
143,137.0,22.0,True,5005,5005.0,1.0
143,137.0,33.0,True,5005,5005.0,1.0
143,137.0,44.0,True,5005,5005.0,1.0
143,137.0,55.0,True,5005,5005.0,1.0
143,137.0,66.0,True,5005,5005.0,1.0
143,137.0,77.0,True,5005,5005.0,1.0
143,137.0,88.0,True,5005,5005.0,1.0
143,137.0,99.0,True,5005,5005.0,1.0
143,137.0,110.0,True,5005,5005.0,1.0
143,137.0,121.0,True,5005,5005.0,1.0
143,137.0,132.0,True,5005,5005.0,1.0
143,138.0,11.0,True,5005,5005.0,1.0
143,138.0,22.0,True,5005,5005.0,1.0
143,138.0,33.0,True,5005,5005.0,1.0
143,138.0,44.0,True,5005,5005.0,1.0
143,138.0,55.0,True,5005,5005.0,1.0
143,138.0,66.0,True,5005,5005.0,1.0
143,138.0,77.0,True,5005,5005.0,1.0
143,138.0,88.0,True,5005,5005.0,1.0
143,138.0,99.0,True,5005,5005.0,1.0
143,138.0,110.0,True,5005,5005.0,1.0
143,138.0,121.0,True,5005,5005.0,1.0
143,138.0,132.0,True,5005,5005.0,1.0
143,139.0,11.0,True,5005,5005.0,1.0
143,139.0,22.0,True,5005,5005.0,1.0
143,139.0,33.0,True,5005,5005.0,1.0
143,139.0,44.0,True,5005,5005.0,1.0
143,139.0,55.0,True,5005,5005.0,1.0
143,139.0,66.0,True,5005,5005.0,1.0
143,139.0,77.0,True,5005,5005.0,1.0
143,139.0,88.0,True,5005,5005.0,1.0
143,139.0,99.0,True,5005,5005.0,1.0
143,139.0,110.0,True,5005,5005.0,1.0
143,139.0,121.0,True,5005,5005.0,1.0
143,139.0,132.0,True,5005,5005.0,1.0
143,140.0,11.0,True,5005,5005.0,1.0
143,140.0,22.0,True,5005,5005.0,1.0
143,140.0,33.0,True,5005,5005.0,1.0
143,140.0,44.0,True,5005,5005.0,1.0
143,140.0,55.0,True,5005,5005.0,1.0
143,140.0,66.0,True,5005,5005.0,1.0
143,140.0,77.0,True,5005,5005.0,1.0
143,140.0,88.0,True,5005,5005.0,1.0
143,140.0,99.0,True,5005,5005.0,1.0
143,140.0,110.0,True,5005,5005.0,1.0
143,140.0,121.0,True,5005,5005.0,1.0
143,140.0,132.0,True,5005,5005.0,1.0
143,141.0,11.0,True,5005,5005.0,1.0
143,141.0,22.0,True,5005,5005.0,1.0
143,141.0,33.0,True,5005,5005.0,1.0
143,141.0,44.0,True,5005,5005.0,1.0
143,141.0,55.0,True,5005,5005.0,1.0
143,141.0,66.0,True,5005,5005.0,1.0
143,141.0,77.0,True,5005,5005.0,1.0
143,141.0,88.0,True,5005,5005.0,1.0
143,141.0,99.0,True,5005,5005.0,1.0
143,141.0,110.0,True,5005,5005.0,1.0
143,141.0,121.0,True,5005,5005.0,1.0
143,141.0,132.0,True,5005,5005.0,1.0
143,142.0,11.0,True,5005,5005.0,1.0
143,142.0,22.0,True,5005,5005.0,1.0
143,142.0,33.0,True,5005,5005.0,1.0
143,142.0,44.0,True,5005,5005.0,1.0
143,142.0,55.0,True,5005,5005.0,1.0
143,142.0,66.0,True,5005,5005.0,1.0
143,142.0,77.0,True,5005,5005.0,1.0
143,142.0,88.0,True,5005,5005.0,1.0
143,142.0,99.0,True,5005,5005.0,1.0
143,142.0,110.0,True,5005,5005.0,1.0
143,142.0,121.0,True,5005,5005.0,1.0
143,142.0,132.0,True,5005,5005.0,1.0
