H,spin_class,class_frequency,mean_phase_index,mean_signature_value,eigvec2_value_z,corr_eigvec2_vs_mean_phase,corr_eigvec2_vs_mean_sig
1,0,4816,2502.0392441860463,0.0,-1.0,-1.0,0.9999999999999999
1,1,189,2501.0,1.0,1.0,-1.0,0.9999999999999999
2,0,4627,2502.122541603631,0.0,1.2119155004437336,0.5133217184656431,-0.9998403726350865
2,1,189,2500.0,1.0,0.025267736302687957,0.5133217184656431,-0.9998403726350865
2,2,189,2501.0,2.0,-1.2371832367464217,0.5133217184656431,-0.9998403726350865
3,0,4438,2502.255520504732,0.0,-1.523900557640123,-0.44005920871290727,0.9480735103798433
3,1,189,2499.0,1.0,-0.06841735901188067,-0.44005920871290727,0.9480735103798433
3,2,189,2500.0,2.0,0.34598788997283053,-0.44005920871290727,0.9480735103798433
3,3,189,2501.0,4.0,1.2463300266791735,-0.44005920871290727,0.9480735103798433
5,0,4060,2502.698275862069,0.0,-1.074333633338156,-0.06528836715372627,0.727635430616864
5,1,189,2497.0,1.0,-0.2644573431893856,-0.06528836715372627,0.727635430616864
5,2,189,2498.0,2.0,0.16964454700698392,-0.06528836715372627,0.727635430616864
5,3,189,2499.0,4.0,0.22495964582725728,-0.06528836715372627,0.727635430616864
5,4,189,2500.0,8.0,-0.9857713313154767,-0.06528836715372627,0.727635430616864
5,5,189,2501.0,16.0,1.9299581150087768,-0.06528836715372627,0.727635430616864
8,0,3565,2503.817671809257,0.0,-1.7549435112020162,-0.06575537177026816,0.6455640258615235
8,1,165,2493.6363636363635,1.0,-0.1339119772148191,-0.06575537177026816,0.6455640258615235
8,2,165,2494.6363636363635,2.0,0.03945470040993659,-0.06575537177026816,0.6455640258615235
8,3,165,2495.6363636363635,4.0,0.27550144626685835,-0.06575537177026816,0.6455640258615235
8,4,189,2497.0,8.0,0.2971361101393695,-0.06575537177026816,0.6455640258615235
8,5,189,2498.0,16.0,-0.9181093793328176,-0.06575537177026816,0.6455640258615235
8,6,165,2499.3636363636365,32.0,-1.1200815504427772,-0.06575537177026816,0.6455640258615235
8,7,24,2496.5,33.0,-0.1629209527916761,-0.06575537177026816,0.6455640258615235
8,8,165,2500.3636363636365,64.0,0.5521842142762047,-0.06575537177026816,0.6455640258615235
8,9,24,2497.5,66.0,0.08031770389472115,-0.06575537177026816,0.6455640258615235
8,10,165,2501.3636363636365,128.0,2.4840559647592997,-0.06575537177026816,0.6455640258615235
8,11,24,2498.5,132.0,0.36131723123771686,-0.06575537177026816,0.6455640258615235
13,0,2740,2507.786496350365,0.0,-4.333520719007508,-0.3692706917378611,0.21499072183839682
13,1,165,2488.6363636363635,1.0,-0.2824474442749475,-0.3692706917378611,0.21499072183839682
13,2,165,2489.6363636363635,2.0,-0.27419550394837955,-0.3692706917378611,0.21499072183839682
13,3,165,2490.6363636363635,4.0,-0.2285669068254209,-0.3692706917378611,0.21499072183839682
13,4,165,2491.6363636363635,8.0,-0.14045881302437888,-0.3692706917378611,0.21499072183839682
13,5,165,2492.6363636363635,16.0,-0.00869433195404539,-0.3692706917378611,0.21499072183839682
13,6,141,2494.0,32.0,0.13901766278114497,-0.3692706917378611,0.21499072183839682
13,7,24,2491.5,33.0,0.023662580898917505,-0.3692706917378611,0.21499072183839682
13,8,141,2495.0,64.0,0.31052918378896777,-0.3692706917378611,0.21499072183839682
13,9,24,2492.5,66.0,0.05285603128322799,-0.3692706917378611,0.21499072183839682
13,10,141,2496.0,128.0,0.49255739683210437,-0.3692706917378611,0.21499072183839682
13,11,24,2493.5,132.0,0.08383955690759144,-0.3692706917378611,0.21499072183839682
13,12,165,2497.3636363636365,256.0,0.7461124965965948,-0.3692706917378611,0.21499072183839682
13,13,24,2494.5,264.0,0.11318519136176956,-0.3692706917378611,0.21499072183839682
13,14,165,2498.3636363636365,512.0,0.8166122953181877,-0.3692706917378611,0.21499072183839682
13,15,24,2495.5,528.0,0.13667218550277307,-0.3692706917378611,0.21499072183839682
13,16,165,2499.3636363636365,1024.0,0.8035775118513168,-0.3692706917378611,0.21499072183839682
13,17,24,2496.5,1056.0,0.14959358804163775,-0.3692706917378611,0.21499072183839682
13,18,165,2500.3636363636365,2048.0,0.6842616588393454,-0.3692706917378611,0.21499072183839682
13,19,24,2497.5,2112.0,0.14721440910757141,-0.3692706917378611,0.21499072183839682
13,20,165,2501.3636363636365,4096.0,0.4428247358921215,-0.3692706917378611,0.21499072183839682
13,21,24,2498.5,4224.0,0.1253672340314081,-0.3692706917378611,0.21499072183839682
21,0,1742,2511.1119402985073,0.0,0.7358033820280118,-0.006632249145950343,-0.13401781522487935
21,1,93,2527.7741935483873,1.0,-0.0002684115677114678,-0.006632249145950343,-0.13401781522487935
21,2,115,2521.7391304347825,2.0,0.13255113091385196,-0.006632249145950343,-0.13401781522487935
21,3,115,2522.7391304347825,4.0,0.25030260329691156,-0.006632249145950343,-0.13401781522487935
21,4,115,2523.7391304347825,8.0,-0.5702276418404794,-0.006632249145950343,-0.13401781522487935
21,5,115,2481.217391304348,16.0,0.6932400151622728,-0.006632249145950343,-0.13401781522487935
21,6,95,2475.684210526316,32.0,-0.4552357779548242,-0.006632249145950343,-0.13401781522487935
21,7,20,2513.25,33.0,-0.095839111148384,-0.006632249145950343,-0.13401781522487935
21,8,141,2487.0,64.0,0.5128741532719288,-0.006632249145950343,-0.13401781522487935
21,9,24,2484.5,66.0,0.06244594780807415,-0.006632249145950343,-0.13401781522487935
21,10,141,2488.0,128.0,0.6260404511111402,-0.006632249145950343,-0.13401781522487935
21,11,24,2485.5,132.0,0.08585364477291915,-0.006632249145950343,-0.13401781522487935
21,12,141,2489.0,256.0,-1.6251462004115271,-0.006632249145950343,-0.13401781522487935
21,13,24,2486.5,264.0,-0.21421529907472764,-0.006632249145950343,-0.13401781522487935
21,14,141,2490.0,512.0,2.071518837789305,-0.006632249145950343,-0.13401781522487935
21,15,24,2487.5,528.0,0.26939635129858136,-0.006632249145950343,-0.13401781522487935
21,16,141,2491.0,1024.0,-1.733136069311023,-0.006632249145950343,-0.13401781522487935
21,17,24,2488.5,1056.0,-0.22224356883152768,-0.006632249145950343,-0.13401781522487935
21,18,141,2492.0,2048.0,0.6691639165401597,-0.006632249145950343,-0.13401781522487935
21,19,24,2489.5,2112.0,0.08168226863455623,-0.006632249145950343,-0.13401781522487935
21,20,141,2493.0,4096.0,0.7654582571720162,-0.006632249145950343,-0.13401781522487935
21,21,24,2490.5,4224.0,0.10515905696804871,-0.006632249145950343,-0.13401781522487935
21,22,141,2494.0,8192.0,-2.033216160436417,-0.006632249145950343,-0.13401781522487935
21,23,24,2491.5,8448.0,-0.26808279821007625,-0.006632249145950343,-0.13401781522487935
21,24,141,2495.0,16384.0,2.611175090120836,-0.006632249145950343,-0.13401781522487935
21,25,24,2492.5,16896.0,0.33964506995266514,-0.006632249145950343,-0.13401781522487935
21,26,95,2506.315789473684,32768.0,-1.4832287828061705,-0.006632249145950343,-0.13401781522487935
21,27,46,2474.695652173913,32769.0,-0.7181949895693029,-0.006632249145950343,-0.13401781522487935
21,28,24,2493.5,33792.0,-0.2823817412219805,-0.006632249145950343,-0.13401781522487935
21,29,115,2500.782608695652,65536.0,0.7034766176172514,-0.006632249145950343,-0.13401781522487935
21,30,50,2489.5,65538.0,0.307669536723912,-0.006632249145950343,-0.13401781522487935
21,31,24,2494.5,67584.0,0.10669078536814178,-0.006632249145950343,-0.13401781522487935
21,32,115,2501.782608695652,131072.0,0.7610109184208078,-0.006632249145950343,-0.13401781522487935
21,33,50,2490.5,131076.0,0.331231724347556,-0.006632249145950343,-0.13401781522487935
21,34,24,2495.5,135168.0,0.12868308628410666,-0.006632249145950343,-0.13401781522487935
21,35,115,2502.782608695652,262144.0,-2.063307801556176,-0.006632249145950343,-0.13401781522487935
21,36,50,2491.5,262152.0,-0.8996826208701723,-0.006632249145950343,-0.13401781522487935
21,37,24,2496.5,270336.0,-0.3354422027943488,-0.006632249145950343,-0.13401781522487935
21,38,115,2503.782608695652,524288.0,2.6671264103276324,-0.006632249145950343,-0.13401781522487935
21,39,50,2492.5,524304.0,1.1636278187831848,-0.006632249145950343,-0.13401781522487935
21,40,24,2497.5,540672.0,0.42816511656267003,-0.006632249145950343,-0.13401781522487935
21,41,93,2508.043010752688,1048576.0,-1.8303832336186063,-0.006632249145950343,-0.13401781522487935
21,42,22,2491.0,1048577.0,-0.4329938832216059,-0.006632249145950343,-0.13401781522487935
21,43,46,2507.304347826087,1048608.0,-0.90899247865372,-0.006632249145950343,-0.13401781522487935
21,44,4,2334.75,1048609.0,-0.07904282423075815,-0.006632249145950343,-0.13401781522487935
21,45,20,2468.75,1081344.0,-0.2989421616225015,-0.006632249145950343,-0.13401781522487935
21,46,4,2647.25,1081345.0,-0.05978843232450002,-0.006632249145950343,-0.13401781522487935
