case,timestep,training_step,full_radius,subspace_radius,ratio,direction_metric,success_flag,match_flag
A_stripped,0,-1,2.44948983,1.0,0.40824831,1.0,1.0,-1
A_stripped,1,-1,2.44948983,1.0,0.40824831,0.38671875,0.427734,-1
A_stripped,2,-1,2.44948983,1.0,0.40824831,0.1582031,0.302734,-1
A_stripped,3,-1,2.44948983,1.0,0.40824831,0.08398439,0.294922,-1
A_stripped,4,-1,2.44948983,1.0,0.40824831,0.00585939,0.224609,-1
A_stripped,5,-1,2.44948983,1.0,0.40824831,-0.00585935,0.242188,-1
A_stripped,6,-1,2.44948983,1.0,0.40824831,0.01171876,0.257812,-1
A_stripped,7,-1,2.44948983,1.0,0.40824831,0.00390628,0.253906,-1
A_stripped,8,-1,2.44948983,1.0,0.40824831,-0.01562497,0.244141,-1
A_stripped,9,-1,2.44948983,1.0,0.40824831,-0.00976561,0.234375,-1
A_stripped,10,-1,2.44948983,1.0,0.40824831,-0.00781248,0.220703,-1
A_stripped,11,-1,2.44948983,1.0,0.40824831,-0.0097656,0.224609,-1
A_stripped,12,-1,2.44948983,1.0,0.40824831,0.00390629,0.246094,-1
A_stripped,13,-1,2.44948983,1.0,0.40824831,0.00390628,0.248047,-1
A_stripped,14,-1,2.44948983,1.0,0.40824831,-0.00976561,0.248047,-1
A_stripped,15,-1,2.44948983,1.0,0.40824831,-0.00195312,0.226562,-1
A_stripped,16,-1,2.44948983,1.0,0.40824831,-0.01953126,0.238281,-1
A_stripped,17,-1,2.44948983,1.0,0.40824831,0.00390624,0.253906,-1
A_stripped,18,-1,2.44948983,1.0,0.40824831,0.02539065,0.257812,-1
A_stripped,19,-1,2.44948983,1.0,0.40824831,0.01171877,0.230469,-1
A_stripped,20,-1,2.44948983,1.0,0.40824831,-0.01757813,0.228516,-1
B_untrained_matched,0,-1,2.44948983,1.0,0.40824831,1.0,1.0,1
B_untrained_matched,1,-1,1.38255692,0.40299183,0.29018563,-0.08100624,0.21875,1
B_untrained_matched,2,-1,1.33168507,0.37112898,0.27884552,0.00708584,0.257812,1
B_untrained_matched,3,-1,1.32524133,0.36024719,0.27129912,0.01390557,0.251953,1
B_untrained_matched,4,-1,1.33405602,0.37409428,0.27970079,0.05724404,0.291016,1
B_untrained_matched,5,-1,1.32677102,0.36076313,0.2709924,-0.03442646,0.238281,1
B_untrained_matched,6,-1,1.32691896,0.37850264,0.28355315,-0.0034621,0.259766,1
B_untrained_matched,7,-1,1.33121872,0.3752639,0.2815994,-0.00923258,0.263672,1
B_untrained_matched,8,-1,1.3326062,0.38014093,0.28188291,-0.02934437,0.255859,1
B_untrained_matched,9,-1,1.31646729,0.35457581,0.26807791,0.01340915,0.242188,1
B_untrained_matched,10,-1,1.33650959,0.37959862,0.28206605,0.00162971,0.226562,1
B_untrained_matched,11,-1,1.32373929,0.36592031,0.27430478,0.02233536,0.267578,1
B_untrained_matched,12,-1,1.34362996,0.37477148,0.2762247,-0.02801008,0.253906,1
B_untrained_matched,13,-1,1.34977126,0.3755239,0.27659959,0.03951523,0.257812,1
B_untrained_matched,14,-1,1.33545017,0.38247287,0.2850219,-0.01676547,0.214844,1
B_untrained_matched,15,-1,1.34343529,0.36959207,0.27235013,-0.01546496,0.248047,1
B_untrained_matched,16,-1,1.33817244,0.38538027,0.28570986,-0.04567846,0.230469,1
B_untrained_matched,17,-1,1.33225012,0.37401244,0.27889946,0.04076761,0.259766,1
B_untrained_matched,18,-1,1.34377348,0.38144827,0.28187945,0.02249417,0.263672,1
B_untrained_matched,19,-1,1.34173155,0.37334192,0.27613461,-0.00126692,0.253906,1
B_untrained_matched,20,-1,1.34904778,0.37438965,0.27419728,0.00556038,0.263672,1
B_untrained_mismatched,0,-1,2.44948983,1.0,0.40824831,1.0,1.0,0
B_untrained_mismatched,1,-1,1.38216388,0.40335613,0.29058003,-0.08243775,0.21875,0
B_untrained_mismatched,2,-1,1.33266354,0.37158471,0.27919954,0.01337677,0.263672,0
B_untrained_mismatched,3,-1,1.32689023,0.36310804,0.2728321,0.00493563,0.25,0
B_untrained_mismatched,4,-1,1.33870649,0.37064162,0.27609971,0.06233704,0.287109,0
B_untrained_mismatched,5,-1,1.32776737,0.35746503,0.26836175,-0.03495352,0.234375,0
B_untrained_mismatched,6,-1,1.33035707,0.37686348,0.28105778,-0.02246032,0.242188,0
B_untrained_mismatched,7,-1,1.33462107,0.36718553,0.2747941,-0.00815735,0.257812,0
B_untrained_mismatched,8,-1,1.33139336,0.38061357,0.28304195,-0.02315409,0.246094,0
B_untrained_mismatched,9,-1,1.32297802,0.35061187,0.26416779,0.0450218,0.234375,0
B_untrained_mismatched,10,-1,1.34508419,0.3834548,0.28310734,-0.00629349,0.238281,0
B_untrained_mismatched,11,-1,1.32984459,0.35440713,0.26468608,0.03688704,0.265625,0
B_untrained_mismatched,12,-1,1.33924961,0.37570918,0.27781993,-0.03174604,0.236328,0
B_untrained_mismatched,13,-1,1.34380102,0.37341002,0.2762095,0.03918127,0.261719,0
B_untrained_mismatched,14,-1,1.33496571,0.37943381,0.2820183,-0.01576044,0.234375,0
B_untrained_mismatched,15,-1,1.3470962,0.36240682,0.2657882,0.01159777,0.248047,0
B_untrained_mismatched,16,-1,1.34777498,0.3801806,0.28040233,-0.06748232,0.207031,0
B_untrained_mismatched,17,-1,1.33071947,0.36785698,0.27434549,0.02960637,0.265625,0
B_untrained_mismatched,18,-1,1.34265184,0.37310126,0.27516207,0.06984,0.28125,0
B_untrained_mismatched,19,-1,1.34370589,0.38837826,0.28554213,-0.04461354,0.21875,0
B_untrained_mismatched,20,-1,1.34485495,0.39025542,0.28801906,0.05757006,0.289062,0
D_traj_step0,0,0,2.44948983,1.0,0.40824831,1.0,1.0,1
D_traj_step0,1,0,1.27968907,0.33812284,0.265522,-0.09683449,0.208984,1
D_traj_step0,2,0,1.29037249,0.33760822,0.26082852,0.02568298,0.246094,1
D_traj_step0,3,0,1.2738024,0.32458216,0.2556715,-0.02425819,0.240234,1
D_traj_step0,4,0,1.28346968,0.33710697,0.26079148,0.05817177,0.294922,1
D_traj_step0,5,0,1.27839255,0.32592121,0.25444978,-0.01755814,0.248047,1
D_traj_step0,6,0,1.2836616,0.35189125,0.27231675,0.02855835,0.263672,1
D_traj_step0,7,0,1.27164125,0.32938048,0.25867736,-0.05530486,0.230469,1
D_traj_step0,8,0,1.28333759,0.34920797,0.2707867,-0.01647912,0.242188,1
D_traj_step0,9,0,1.26627851,0.33897555,0.26574054,-0.04603285,0.222656,1
D_traj_step0,10,0,1.28828788,0.35952532,0.27776161,0.02582737,0.273438,1
D_traj_step0,11,0,1.27141666,0.33604813,0.26215944,0.0126122,0.261719,1
D_traj_step0,12,0,1.27800417,0.34041965,0.26650167,-0.05835735,0.210938,1
D_traj_step0,13,0,1.27178562,0.3367739,0.26415622,0.02689674,0.279297,1
D_traj_step0,14,0,1.27148533,0.348214,0.27245232,-0.03919119,0.25,1
D_traj_step0,15,0,1.28665531,0.34746557,0.2693302,0.04438162,0.253906,1
D_traj_step0,16,0,1.28345251,0.33445597,0.26024464,-0.01882135,0.216797,1
D_traj_step0,17,0,1.27652228,0.3404648,0.26545987,0.01264253,0.267578,1
D_traj_step0,18,0,1.27754974,0.34841257,0.27169496,-0.0248643,0.222656,1
D_traj_step0,19,0,1.28551507,0.34752622,0.26938283,-0.0023191,0.257812,1
D_traj_step0,20,0,1.28421235,0.36278838,0.28200051,-0.00228798,0.232422,1
D_traj_step100,0,100,2.44948983,1.0,0.40824831,1.0,1.0,1
D_traj_step100,1,100,1.28702891,0.34079352,0.26594436,-0.07841939,0.216797,1
D_traj_step100,2,100,1.30018997,0.35779521,0.27503294,0.08042224,0.275391,1
D_traj_step100,3,100,1.28915977,0.33109707,0.256648,-0.01740794,0.25,1
D_traj_step100,4,100,1.27816415,0.34471098,0.26920712,0.06061903,0.275391,1
D_traj_step100,5,100,1.29830003,0.34807244,0.26733714,0.00761707,0.259766,1
D_traj_step100,6,100,1.29285479,0.34530273,0.26539987,-0.04132833,0.216797,1
D_traj_step100,7,100,1.27784204,0.34047419,0.26549202,-0.01572545,0.240234,1
D_traj_step100,8,100,1.2909081,0.36398685,0.2805149,0.07887025,0.294922,1
D_traj_step100,9,100,1.29027081,0.35301608,0.27198726,-0.00701629,0.224609,1
D_traj_step100,10,100,1.29487658,0.34923208,0.27079508,0.02551553,0.242188,1
D_traj_step100,11,100,1.29228449,0.3426528,0.26406741,-0.02205251,0.230469,1
D_traj_step100,12,100,1.28634453,0.34511387,0.26753142,0.02383247,0.248047,1
D_traj_step100,13,100,1.27888834,0.33456638,0.26109219,-0.00730253,0.265625,1
D_traj_step100,14,100,1.27882731,0.33723187,0.2627694,-0.04069054,0.203125,1
D_traj_step100,15,100,1.28528738,0.35246807,0.27334434,-0.01168348,0.234375,1
D_traj_step100,16,100,1.28870118,0.31960487,0.24637011,-0.01900122,0.236328,1
D_traj_step100,17,100,1.28475881,0.33547479,0.26010332,0.0364486,0.265625,1
D_traj_step100,18,100,1.29291081,0.33312979,0.25709653,-0.00542579,0.253906,1
D_traj_step100,19,100,1.28550935,0.31684494,0.24539693,-0.00134864,0.253906,1
D_traj_step100,20,100,1.2901144,0.3418299,0.26325628,0.03001213,0.246094,1
D_traj_step250,0,250,2.44948983,1.0,0.40824831,1.0,1.0,1
D_traj_step250,1,250,1.34903824,0.36237073,0.26844829,-0.13894735,0.173828,1
D_traj_step250,2,250,1.35347247,0.38591996,0.28159875,0.08327927,0.304688,1
D_traj_step250,3,250,1.35666382,0.37433168,0.27415091,0.02488034,0.259766,1
D_traj_step250,4,250,1.36607587,0.37512648,0.27262077,-0.00133232,0.257812,1
D_traj_step250,5,250,1.34243703,0.37155011,0.27466711,-0.00533896,0.234375,1
D_traj_step250,6,250,1.35935473,0.39165553,0.28591573,0.02319871,0.261719,1
D_traj_step250,7,250,1.360901,0.36542046,0.26605874,-0.05254582,0.222656,1
D_traj_step250,8,250,1.36628151,0.39739007,0.28860489,-0.00274387,0.259766,1
D_traj_step250,9,250,1.36754656,0.3788712,0.27552813,-0.04540277,0.222656,1
D_traj_step250,10,250,1.35886598,0.39683044,0.29062924,-0.03635501,0.220703,1
D_traj_step250,11,250,1.35864079,0.39232549,0.28708026,0.02478979,0.259766,1
D_traj_step250,12,250,1.35571277,0.38502598,0.28170037,-0.02606946,0.259766,1
D_traj_step250,13,250,1.35852957,0.38177612,0.27963784,-0.032903,0.251953,1
D_traj_step250,14,250,1.35929513,0.37372234,0.27350646,-0.05929685,0.210938,1
D_traj_step250,15,250,1.34753609,0.35753089,0.26305723,-0.00529773,0.236328,1
D_traj_step250,16,250,1.36681271,0.36721432,0.26713073,0.02929286,0.261719,1
D_traj_step250,17,250,1.37331057,0.38156858,0.27411503,-0.02206739,0.251953,1
D_traj_step250,18,250,1.35363793,0.37501705,0.27609825,-0.00977483,0.242188,1
D_traj_step250,19,250,1.36670697,0.37016577,0.26844126,0.02975951,0.275391,1
D_traj_step250,20,250,1.36848402,0.38409537,0.27635938,-0.06599639,0.212891,1
D_traj_step500,0,500,2.44948983,1.0,0.40824831,1.0,1.0,1
D_traj_step500,1,500,2.25356936,0.89041066,0.39191848,0.0503098,0.279297,1
D_traj_step500,2,500,2.29021382,0.91260815,0.39589718,-0.02204695,0.212891,1
D_traj_step500,3,500,2.25086331,0.88585252,0.3899613,0.0448975,0.263672,1
D_traj_step500,4,500,2.2520647,0.90233219,0.39851847,0.0386306,0.259766,1
D_traj_step500,5,500,2.26883483,0.90122151,0.39476809,0.00338658,0.242188,1
D_traj_step500,6,500,2.27781773,0.91523463,0.40034947,-0.00860962,0.240234,1
D_traj_step500,7,500,2.26050568,0.8934083,0.39153087,0.0226083,0.273438,1
D_traj_step500,8,500,2.27451515,0.90014893,0.39263314,-0.05102629,0.21875,1
D_traj_step500,9,500,2.27898026,0.90389085,0.39348918,-0.03020076,0.232422,1
D_traj_step500,10,500,2.27266502,0.89200604,0.38807783,0.02951219,0.261719,1
D_traj_step500,11,500,2.26343703,0.88920963,0.38890177,-0.00805047,0.248047,1
D_traj_step500,12,500,2.26389408,0.90098417,0.39530671,0.0481392,0.283203,1
D_traj_step500,13,500,2.28382206,0.90385395,0.3918601,0.00854959,0.234375,1
D_traj_step500,14,500,2.28091049,0.90637594,0.39399761,0.03633569,0.273438,1
D_traj_step500,15,500,2.28564787,0.91299391,0.39638984,0.03040634,0.275391,1
D_traj_step500,16,500,2.26474237,0.89667207,0.39286479,0.09450381,0.298828,1
D_traj_step500,17,500,2.27820396,0.90339339,0.39332369,-0.04615675,0.21875,1
D_traj_step500,18,500,2.29938412,0.91668826,0.39594188,0.00755559,0.240234,1
D_traj_step500,19,500,2.25335622,0.8933152,0.39328155,0.01801248,0.259766,1
D_traj_step500,20,500,2.26889753,0.89737636,0.39172342,0.03105602,0.277344,1
C_trained_matched,0,500,2.44948983,1.0,0.40824831,1.0,1.0,1
C_trained_matched,1,500,2.25356936,0.89041066,0.39191848,0.0503098,0.279297,1
C_trained_matched,2,500,2.29021382,0.91260815,0.39589718,-0.02204695,0.212891,1
C_trained_matched,3,500,2.25086331,0.88585252,0.3899613,0.0448975,0.263672,1
C_trained_matched,4,500,2.2520647,0.90233219,0.39851847,0.0386306,0.259766,1
C_trained_matched,5,500,2.26883483,0.90122151,0.39476809,0.00338658,0.242188,1
C_trained_matched,6,500,2.27781773,0.91523463,0.40034947,-0.00860962,0.240234,1
C_trained_matched,7,500,2.26050568,0.8934083,0.39153087,0.0226083,0.273438,1
C_trained_matched,8,500,2.27451515,0.90014893,0.39263314,-0.05102629,0.21875,1
C_trained_matched,9,500,2.27898026,0.90389085,0.39348918,-0.03020076,0.232422,1
C_trained_matched,10,500,2.27266502,0.89200604,0.38807783,0.02951219,0.261719,1
C_trained_matched,11,500,2.26343703,0.88920963,0.38890177,-0.00805047,0.248047,1
C_trained_matched,12,500,2.26389408,0.90098417,0.39530671,0.0481392,0.283203,1
C_trained_matched,13,500,2.28382206,0.90385395,0.3918601,0.00854959,0.234375,1
C_trained_matched,14,500,2.28091049,0.90637594,0.39399761,0.03633569,0.273438,1
C_trained_matched,15,500,2.28564787,0.91299391,0.39638984,0.03040634,0.275391,1
C_trained_matched,16,500,2.26474237,0.89667207,0.39286479,0.09450381,0.298828,1
C_trained_matched,17,500,2.27820396,0.90339339,0.39332369,-0.04615675,0.21875,1
C_trained_matched,18,500,2.29938412,0.91668826,0.39594188,0.00755559,0.240234,1
C_trained_matched,19,500,2.25335622,0.8933152,0.39328155,0.01801248,0.259766,1
C_trained_matched,20,500,2.26889753,0.89737636,0.39172342,0.03105602,0.277344,1
C_trained_mismatched,0,500,2.44948983,1.0,0.40824831,1.0,1.0,0
C_trained_mismatched,1,500,2.25522327,0.89381999,0.39270955,0.02513821,0.25,0
C_trained_mismatched,2,500,2.29705191,0.92251796,0.40008026,-0.05659952,0.203125,0
C_trained_mismatched,3,500,2.2590065,0.89595163,0.39328557,0.00306693,0.246094,0
C_trained_mismatched,4,500,2.24953699,0.89131212,0.39288804,0.03857099,0.273438,0
C_trained_mismatched,5,500,2.25268698,0.89786083,0.39628571,-0.03526443,0.21875,0
C_trained_mismatched,6,500,2.25505877,0.89206821,0.39174592,-0.01567777,0.226562,0
C_trained_mismatched,7,500,2.27523994,0.90527451,0.39544484,-0.02076692,0.236328,0
C_trained_mismatched,8,500,2.26291537,0.89506018,0.39192873,-0.06184175,0.222656,0
C_trained_mismatched,9,500,2.29280853,0.90615398,0.39130929,-0.01916375,0.236328,0
C_trained_mismatched,10,500,2.28427505,0.91751444,0.39952976,0.0223408,0.277344,0
C_trained_mismatched,11,500,2.28032899,0.90162587,0.39224735,0.00043872,0.244141,0
C_trained_mismatched,12,500,2.28141975,0.91110831,0.3970412,-0.02064257,0.238281,0
C_trained_mismatched,13,500,2.28620148,0.91798484,0.39928752,-0.10466646,0.195312,0
C_trained_mismatched,14,500,2.27002335,0.90289891,0.39424679,0.00636926,0.228516,0
C_trained_mismatched,15,500,2.28070641,0.91552377,0.40005079,-0.00022573,0.275391,0
C_trained_mismatched,16,500,2.26596165,0.9065116,0.39851943,0.00558442,0.251953,0
C_trained_mismatched,17,500,2.28334808,0.90681571,0.39369071,-0.02712472,0.244141,0
C_trained_mismatched,18,500,2.2753787,0.90527743,0.39491341,-0.0420353,0.216797,0
C_trained_mismatched,19,500,2.28681517,0.91911578,0.39943027,-0.04155648,0.232422,0
C_trained_mismatched,20,500,2.27747941,0.89546794,0.38905072,-0.00447693,0.251953,0
