tuplet_name,offsets,parent_W,child_W,new_prime,H,parent_predictive_state_count,child_predictive_state_count,predictive_state_delta,internal_split_active,visible_split_active,internal_split_parent_positions
double_twins_p13,0 2 26 28,210,2310,11,1,35,39,4,1,1,4
double_twins_p17,0 2 34 36,210,2310,11,1,35,38,3,1,1,3
double_twins_p19,0 2 38 40,210,2310,11,1,35,41,6,1,1,6
double_twins_p13,0 2 26 28,2310,30030,13,1,39,39,0,1,0,28
double_twins_p13,0 2 26 28,2310,30030,13,2,43,43,0,1,0,28
double_twins_p13,0 2 26 28,2310,30030,13,3,47,47,0,1,0,28
double_twins_p13,0 2 26 28,2310,30030,13,4,51,51,0,1,0,28
double_twins_p13,0 2 26 28,2310,30030,13,5,55,55,0,1,0,28
double_twins_p13,0 2 26 28,2310,30030,13,6,59,62,3,1,1,28
double_twins_p17,0 2 34 36,2310,30030,13,1,38,38,0,1,0,21
double_twins_p17,0 2 34 36,2310,30030,13,2,41,41,0,1,0,21
double_twins_p17,0 2 34 36,2310,30030,13,3,44,44,0,1,0,21
double_twins_p17,0 2 34 36,2310,30030,13,4,47,47,0,1,0,21
double_twins_p17,0 2 34 36,2310,30030,13,5,50,50,0,1,0,21
double_twins_p17,0 2 34 36,2310,30030,13,6,54,54,0,1,0,21
double_twins_p17,0 2 34 36,2310,30030,13,7,58,58,0,1,0,21
double_twins_p17,0 2 34 36,2310,30030,13,8,62,62,0,1,0,21
double_twins_p17,0 2 34 36,2310,30030,13,9,66,66,0,1,0,21
double_twins_p17,0 2 34 36,2310,30030,13,10,70,70,0,1,0,21
double_twins_p17,0 2 34 36,2310,30030,13,11,74,74,0,1,0,21
double_twins_p17,0 2 34 36,2310,30030,13,12,78,78,0,1,0,21
double_twins_p17,0 2 34 36,2310,30030,13,13,82,82,0,1,0,21
double_twins_p17,0 2 34 36,2310,30030,13,14,86,86,0,1,0,21
double_twins_p17,0 2 34 36,2310,30030,13,15,90,90,0,1,0,21
double_twins_p17,0 2 34 36,2310,30030,13,16,96,96,0,1,0,21
double_twins_p17,0 2 34 36,2310,30030,13,17,102,102,0,1,0,21
double_twins_p17,0 2 34 36,2310,30030,13,18,108,108,0,1,0,21
double_twins_p17,0 2 34 36,2310,30030,13,19,114,114,0,1,0,21
double_twins_p17,0 2 34 36,2310,30030,13,20,120,120,0,1,0,21
double_twins_p17,0 2 34 36,2310,30030,13,21,126,130,4,1,1,21
double_twins_p19,0 2 38 40,2310,30030,13,1,41,41,0,1,0,42
double_twins_p19,0 2 38 40,2310,30030,13,2,47,47,0,1,0,42
double_twins_p19,0 2 38 40,2310,30030,13,3,53,55,2,1,1,42
double_twins_p13,0 2 26 28,30030,510510,17,1,39,39,0,1,0,308
double_twins_p13,0 2 26 28,30030,510510,17,2,43,43,0,1,0,308
double_twins_p13,0 2 26 28,30030,510510,17,3,47,47,0,1,0,308
double_twins_p13,0 2 26 28,30030,510510,17,4,51,51,0,1,0,308
double_twins_p13,0 2 26 28,30030,510510,17,5,55,55,0,1,0,308
double_twins_p13,0 2 26 28,30030,510510,17,6,62,62,0,1,0,308
double_twins_p13,0 2 26 28,30030,510510,17,7,69,69,0,1,0,308
double_twins_p13,0 2 26 28,30030,510510,17,8,76,76,0,1,0,308
double_twins_p13,0 2 26 28,30030,510510,17,9,83,83,0,1,0,308
double_twins_p13,0 2 26 28,30030,510510,17,10,90,90,0,1,0,308
double_twins_p13,0 2 26 28,30030,510510,17,11,99,99,0,1,0,308
double_twins_p13,0 2 26 28,30030,510510,17,12,108,108,0,1,0,308
double_twins_p13,0 2 26 28,30030,510510,17,13,117,117,0,1,0,308
double_twins_p13,0 2 26 28,30030,510510,17,14,126,126,0,1,0,308
double_twins_p13,0 2 26 28,30030,510510,17,15,135,135,0,1,0,308
double_twins_p13,0 2 26 28,30030,510510,17,16,146,147,1,1,1,308
double_twins_p17,0 2 34 36,30030,510510,17,1,38,38,0,1,0,189
double_twins_p17,0 2 34 36,30030,510510,17,2,41,41,0,1,0,189
double_twins_p17,0 2 34 36,30030,510510,17,3,44,44,0,1,0,189
double_twins_p17,0 2 34 36,30030,510510,17,4,47,47,0,1,0,189
double_twins_p17,0 2 34 36,30030,510510,17,5,50,50,0,1,0,189
double_twins_p17,0 2 34 36,30030,510510,17,6,54,54,0,1,0,189
double_twins_p17,0 2 34 36,30030,510510,17,7,58,58,0,1,0,189
double_twins_p17,0 2 34 36,30030,510510,17,8,62,62,0,1,0,189
double_twins_p17,0 2 34 36,30030,510510,17,9,66,66,0,1,0,189
double_twins_p17,0 2 34 36,30030,510510,17,10,70,70,0,1,0,189
double_twins_p17,0 2 34 36,30030,510510,17,11,74,74,0,1,0,189
double_twins_p17,0 2 34 36,30030,510510,17,12,78,78,0,1,0,189
double_twins_p17,0 2 34 36,30030,510510,17,13,82,82,0,1,0,189
double_twins_p17,0 2 34 36,30030,510510,17,14,86,86,0,1,0,189
double_twins_p17,0 2 34 36,30030,510510,17,15,90,90,0,1,0,189
double_twins_p17,0 2 34 36,30030,510510,17,16,96,96,0,1,0,189
double_twins_p17,0 2 34 36,30030,510510,17,17,102,102,0,1,0,189
double_twins_p17,0 2 34 36,30030,510510,17,18,108,108,0,1,0,189
double_twins_p17,0 2 34 36,30030,510510,17,19,114,114,0,1,0,189
double_twins_p17,0 2 34 36,30030,510510,17,20,120,120,0,1,0,189
double_twins_p17,0 2 34 36,30030,510510,17,21,130,130,0,1,0,189
double_twins_p17,0 2 34 36,30030,510510,17,22,140,140,0,1,0,189
double_twins_p17,0 2 34 36,30030,510510,17,23,150,150,0,1,0,189
double_twins_p17,0 2 34 36,30030,510510,17,24,160,160,0,1,0,189
double_twins_p17,0 2 34 36,30030,510510,17,25,170,170,0,1,0,189
double_twins_p17,0 2 34 36,30030,510510,17,26,180,180,0,1,0,189
double_twins_p17,0 2 34 36,30030,510510,17,27,190,190,0,1,0,189
double_twins_p17,0 2 34 36,30030,510510,17,28,200,200,0,1,0,189
double_twins_p17,0 2 34 36,30030,510510,17,29,210,210,0,1,0,189
double_twins_p17,0 2 34 36,30030,510510,17,30,220,220,0,1,0,189
double_twins_p17,0 2 34 36,30030,510510,17,31,232,232,0,1,0,189
double_twins_p17,0 2 34 36,30030,510510,17,32,244,244,0,1,0,189
double_twins_p17,0 2 34 36,30030,510510,17,33,256,256,0,1,0,189
double_twins_p17,0 2 34 36,30030,510510,17,34,268,268,0,1,0,189
double_twins_p17,0 2 34 36,30030,510510,17,35,280,280,0,1,0,189
double_twins_p17,0 2 34 36,30030,510510,17,36,304,304,0,1,0,189
double_twins_p17,0 2 34 36,30030,510510,17,37,328,328,0,1,0,189
double_twins_p17,0 2 34 36,30030,510510,17,38,352,352,0,1,0,189
double_twins_p17,0 2 34 36,30030,510510,17,39,376,376,0,1,0,189
double_twins_p17,0 2 34 36,30030,510510,17,40,400,400,0,1,0,189
double_twins_p17,0 2 34 36,30030,510510,17,41,426,432,6,1,1,189
double_twins_p19,0 2 38 40,30030,510510,17,1,41,41,0,1,0,378
double_twins_p19,0 2 38 40,30030,510510,17,2,47,47,0,1,0,378
double_twins_p19,0 2 38 40,30030,510510,17,3,55,55,0,1,0,378
double_twins_p19,0 2 38 40,30030,510510,17,4,64,64,0,1,0,378
double_twins_p19,0 2 38 40,30030,510510,17,5,73,73,0,1,0,378
double_twins_p19,0 2 38 40,30030,510510,17,6,88,88,0,1,0,378
double_twins_p19,0 2 38 40,30030,510510,17,7,103,103,0,1,0,378
double_twins_p19,0 2 38 40,30030,510510,17,8,125,125,0,1,0,378
double_twins_p19,0 2 38 40,30030,510510,17,9,147,147,0,1,0,378
double_twins_p19,0 2 38 40,30030,510510,17,10,169,169,0,1,0,378
double_twins_p19,0 2 38 40,30030,510510,17,11,199,199,0,1,0,378
double_twins_p19,0 2 38 40,30030,510510,17,12,229,229,0,1,0,378
double_twins_p19,0 2 38 40,30030,510510,17,13,269,273,4,1,1,378
double_twins_p13,0 2 26 28,510510,9699690,19,1,39,39,0,1,0,4004
double_twins_p13,0 2 26 28,510510,9699690,19,2,43,43,0,1,0,4004
double_twins_p13,0 2 26 28,510510,9699690,19,3,47,47,0,1,0,4004
double_twins_p13,0 2 26 28,510510,9699690,19,4,51,51,0,1,0,4004
double_twins_p13,0 2 26 28,510510,9699690,19,5,55,55,0,1,0,4004
double_twins_p13,0 2 26 28,510510,9699690,19,6,62,62,0,1,0,4004
double_twins_p13,0 2 26 28,510510,9699690,19,7,69,69,0,1,0,4004
double_twins_p13,0 2 26 28,510510,9699690,19,8,76,76,0,1,0,4004
double_twins_p13,0 2 26 28,510510,9699690,19,9,83,83,0,1,0,4004
double_twins_p13,0 2 26 28,510510,9699690,19,10,90,90,0,1,0,4004
double_twins_p13,0 2 26 28,510510,9699690,19,11,99,99,0,1,0,4004
double_twins_p13,0 2 26 28,510510,9699690,19,12,108,108,0,1,0,4004
double_twins_p13,0 2 26 28,510510,9699690,19,13,117,117,0,1,0,4004
double_twins_p13,0 2 26 28,510510,9699690,19,14,126,126,0,1,0,4004
double_twins_p13,0 2 26 28,510510,9699690,19,15,135,135,0,1,0,4004
double_twins_p13,0 2 26 28,510510,9699690,19,16,147,147,0,1,0,4004
double_twins_p13,0 2 26 28,510510,9699690,19,17,159,159,0,1,0,4004
double_twins_p13,0 2 26 28,510510,9699690,19,18,171,171,0,1,0,4004
double_twins_p13,0 2 26 28,510510,9699690,19,19,183,183,0,1,0,4004
double_twins_p13,0 2 26 28,510510,9699690,19,20,195,195,0,1,0,4004
double_twins_p13,0 2 26 28,510510,9699690,19,21,208,208,0,1,0,4004
double_twins_p13,0 2 26 28,510510,9699690,19,22,221,221,0,1,0,4004
double_twins_p13,0 2 26 28,510510,9699690,19,23,234,234,0,1,0,4004
double_twins_p13,0 2 26 28,510510,9699690,19,24,247,247,0,1,0,4004
double_twins_p13,0 2 26 28,510510,9699690,19,25,260,260,0,1,0,4004
double_twins_p13,0 2 26 28,510510,9699690,19,26,277,277,0,1,0,4004
double_twins_p13,0 2 26 28,510510,9699690,19,27,294,294,0,1,0,4004
double_twins_p13,0 2 26 28,510510,9699690,19,28,311,311,0,1,0,4004
double_twins_p13,0 2 26 28,510510,9699690,19,29,328,328,0,1,0,4004
double_twins_p13,0 2 26 28,510510,9699690,19,30,345,345,0,1,0,4004
double_twins_p13,0 2 26 28,510510,9699690,19,31,372,372,0,1,0,4004
double_twins_p13,0 2 26 28,510510,9699690,19,32,399,399,0,1,0,4004
double_twins_p13,0 2 26 28,510510,9699690,19,33,426,426,0,1,0,4004
double_twins_p13,0 2 26 28,510510,9699690,19,34,453,453,0,1,0,4004
double_twins_p13,0 2 26 28,510510,9699690,19,35,480,480,0,1,0,4004
double_twins_p13,0 2 26 28,510510,9699690,19,36,529,529,0,1,0,4004
double_twins_p13,0 2 26 28,510510,9699690,19,37,578,578,0,1,0,4004
double_twins_p13,0 2 26 28,510510,9699690,19,38,627,627,0,1,0,4004
double_twins_p13,0 2 26 28,510510,9699690,19,39,676,676,0,1,0,4004
double_twins_p13,0 2 26 28,510510,9699690,19,40,725,725,0,1,0,4004
double_twins_p13,0 2 26 28,510510,9699690,19,41,802,802,0,1,0,4004
double_twins_p13,0 2 26 28,510510,9699690,19,42,879,879,0,1,0,4004
double_twins_p13,0 2 26 28,510510,9699690,19,43,956,956,0,1,0,4004
double_twins_p13,0 2 26 28,510510,9699690,19,44,1033,1033,0,1,0,4004
double_twins_p13,0 2 26 28,510510,9699690,19,45,1110,1110,0,1,0,4004
double_twins_p13,0 2 26 28,510510,9699690,19,46,1219,1219,0,1,0,4004
double_twins_p13,0 2 26 28,510510,9699690,19,47,1328,1328,0,1,0,4004
double_twins_p13,0 2 26 28,510510,9699690,19,48,1437,1437,0,1,0,4004
double_twins_p13,0 2 26 28,510510,9699690,19,49,1546,1546,0,1,0,4004
double_twins_p13,0 2 26 28,510510,9699690,19,50,1655,1655,0,1,0,4004
double_twins_p13,0 2 26 28,510510,9699690,19,51,1779,1780,1,1,1,4004
double_twins_p17,0 2 34 36,510510,9699690,19,1,38,38,0,1,0,2835
double_twins_p17,0 2 34 36,510510,9699690,19,2,41,41,0,1,0,2835
double_twins_p17,0 2 34 36,510510,9699690,19,3,44,44,0,1,0,2835
double_twins_p17,0 2 34 36,510510,9699690,19,4,47,47,0,1,0,2835
double_twins_p17,0 2 34 36,510510,9699690,19,5,50,50,0,1,0,2835
double_twins_p17,0 2 34 36,510510,9699690,19,6,54,54,0,1,0,2835
double_twins_p17,0 2 34 36,510510,9699690,19,7,58,58,0,1,0,2835
double_twins_p17,0 2 34 36,510510,9699690,19,8,62,62,0,1,0,2835
double_twins_p17,0 2 34 36,510510,9699690,19,9,66,66,0,1,0,2835
double_twins_p17,0 2 34 36,510510,9699690,19,10,70,70,0,1,0,2835
double_twins_p17,0 2 34 36,510510,9699690,19,11,74,74,0,1,0,2835
double_twins_p17,0 2 34 36,510510,9699690,19,12,78,78,0,1,0,2835
double_twins_p17,0 2 34 36,510510,9699690,19,13,82,82,0,1,0,2835
double_twins_p17,0 2 34 36,510510,9699690,19,14,86,86,0,1,0,2835
double_twins_p17,0 2 34 36,510510,9699690,19,15,90,90,0,1,0,2835
double_twins_p17,0 2 34 36,510510,9699690,19,16,96,96,0,1,0,2835
double_twins_p17,0 2 34 36,510510,9699690,19,17,102,102,0,1,0,2835
double_twins_p17,0 2 34 36,510510,9699690,19,18,108,108,0,1,0,2835
double_twins_p17,0 2 34 36,510510,9699690,19,19,114,114,0,1,0,2835
double_twins_p17,0 2 34 36,510510,9699690,19,20,120,120,0,1,0,2835
double_twins_p17,0 2 34 36,510510,9699690,19,21,130,130,0,1,0,2835
double_twins_p17,0 2 34 36,510510,9699690,19,22,140,140,0,1,0,2835
double_twins_p17,0 2 34 36,510510,9699690,19,23,150,150,0,1,0,2835
double_twins_p17,0 2 34 36,510510,9699690,19,24,160,160,0,1,0,2835
double_twins_p17,0 2 34 36,510510,9699690,19,25,170,170,0,1,0,2835
double_twins_p17,0 2 34 36,510510,9699690,19,26,180,180,0,1,0,2835
double_twins_p17,0 2 34 36,510510,9699690,19,27,190,190,0,1,0,2835
double_twins_p17,0 2 34 36,510510,9699690,19,28,200,200,0,1,0,2835
double_twins_p17,0 2 34 36,510510,9699690,19,29,210,210,0,1,0,2835
double_twins_p17,0 2 34 36,510510,9699690,19,30,220,220,0,1,0,2835
double_twins_p17,0 2 34 36,510510,9699690,19,31,232,232,0,1,0,2835
double_twins_p17,0 2 34 36,510510,9699690,19,32,244,244,0,1,0,2835
double_twins_p17,0 2 34 36,510510,9699690,19,33,256,256,0,1,0,2835
double_twins_p17,0 2 34 36,510510,9699690,19,34,268,268,0,1,0,2835
double_twins_p17,0 2 34 36,510510,9699690,19,35,280,280,0,1,0,2835
double_twins_p17,0 2 34 36,510510,9699690,19,36,304,304,0,1,0,2835
double_twins_p17,0 2 34 36,510510,9699690,19,37,328,328,0,1,0,2835
double_twins_p17,0 2 34 36,510510,9699690,19,38,352,352,0,1,0,2835
double_twins_p17,0 2 34 36,510510,9699690,19,39,376,376,0,1,0,2835
double_twins_p17,0 2 34 36,510510,9699690,19,40,400,400,0,1,0,2835
double_twins_p17,0 2 34 36,510510,9699690,19,41,432,432,0,1,0,2835
double_twins_p17,0 2 34 36,510510,9699690,19,42,464,464,0,1,0,2835
double_twins_p17,0 2 34 36,510510,9699690,19,43,496,496,0,1,0,2835
double_twins_p17,0 2 34 36,510510,9699690,19,44,528,528,0,1,0,2835
double_twins_p17,0 2 34 36,510510,9699690,19,45,560,560,0,1,0,2835
double_twins_p17,0 2 34 36,510510,9699690,19,46,592,592,0,1,0,2835
double_twins_p17,0 2 34 36,510510,9699690,19,47,624,624,0,1,0,2835
double_twins_p17,0 2 34 36,510510,9699690,19,48,656,656,0,1,0,2835
double_twins_p17,0 2 34 36,510510,9699690,19,49,688,688,0,1,0,2835
double_twins_p17,0 2 34 36,510510,9699690,19,50,720,720,0,1,0,2835
double_twins_p17,0 2 34 36,510510,9699690,19,51,768,768,0,1,0,2835
double_twins_p17,0 2 34 36,510510,9699690,19,52,816,816,0,1,0,2835
double_twins_p17,0 2 34 36,510510,9699690,19,53,864,864,0,1,0,2835
double_twins_p17,0 2 34 36,510510,9699690,19,54,912,912,0,1,0,2835
double_twins_p17,0 2 34 36,510510,9699690,19,55,960,960,0,1,0,2835
double_twins_p17,0 2 34 36,510510,9699690,19,56,1040,1038,-2,1,0,2835
double_twins_p17,0 2 34 36,510510,9699690,19,57,1120,1116,-4,1,0,2835
double_twins_p17,0 2 34 36,510510,9699690,19,58,1200,1194,-6,1,0,2835
double_twins_p17,0 2 34 36,510510,9699690,19,59,1280,1272,-8,1,0,2835
double_twins_p17,0 2 34 36,510510,9699690,19,60,1360,1350,-10,1,0,2835
double_twins_p19,0 2 38 40,510510,9699690,19,1,41,41,0,1,0,4914
double_twins_p19,0 2 38 40,510510,9699690,19,2,47,47,0,1,0,4914
double_twins_p19,0 2 38 40,510510,9699690,19,3,55,55,0,1,0,4914
double_twins_p19,0 2 38 40,510510,9699690,19,4,64,64,0,1,0,4914
double_twins_p19,0 2 38 40,510510,9699690,19,5,73,73,0,1,0,4914
double_twins_p19,0 2 38 40,510510,9699690,19,6,88,88,0,1,0,4914
double_twins_p19,0 2 38 40,510510,9699690,19,7,103,103,0,1,0,4914
double_twins_p19,0 2 38 40,510510,9699690,19,8,125,125,0,1,0,4914
double_twins_p19,0 2 38 40,510510,9699690,19,9,147,147,0,1,0,4914
double_twins_p19,0 2 38 40,510510,9699690,19,10,169,169,0,1,0,4914
double_twins_p19,0 2 38 40,510510,9699690,19,11,199,199,0,1,0,4914
double_twins_p19,0 2 38 40,510510,9699690,19,12,229,229,0,1,0,4914
double_twins_p19,0 2 38 40,510510,9699690,19,13,273,273,0,1,0,4914
double_twins_p19,0 2 38 40,510510,9699690,19,14,317,317,0,1,0,4914
double_twins_p19,0 2 38 40,510510,9699690,19,15,361,361,0,1,0,4914
double_twins_p19,0 2 38 40,510510,9699690,19,16,405,405,0,1,0,4914
double_twins_p19,0 2 38 40,510510,9699690,19,17,449,449,0,1,0,4914
double_twins_p19,0 2 38 40,510510,9699690,19,18,501,501,0,1,0,4914
double_twins_p19,0 2 38 40,510510,9699690,19,19,554,554,0,1,0,4914
double_twins_p19,0 2 38 40,510510,9699690,19,20,607,607,0,1,0,4914
double_twins_p19,0 2 38 40,510510,9699690,19,21,660,660,0,1,0,4914
double_twins_p19,0 2 38 40,510510,9699690,19,22,713,713,0,1,0,4914
double_twins_p19,0 2 38 40,510510,9699690,19,23,766,766,0,1,0,4914
double_twins_p19,0 2 38 40,510510,9699690,19,24,823,823,0,1,0,4914
double_twins_p19,0 2 38 40,510510,9699690,19,25,880,880,0,1,0,4914
double_twins_p19,0 2 38 40,510510,9699690,19,26,945,945,0,1,0,4914
double_twins_p19,0 2 38 40,510510,9699690,19,27,1010,1010,0,1,0,4914
double_twins_p19,0 2 38 40,510510,9699690,19,28,1075,1075,0,1,0,4914
double_twins_p19,0 2 38 40,510510,9699690,19,29,1155,1155,0,1,0,4914
double_twins_p19,0 2 38 40,510510,9699690,19,30,1235,1235,0,1,0,4914
double_twins_p19,0 2 38 40,510510,9699690,19,31,1343,1343,0,1,0,4914
double_twins_p19,0 2 38 40,510510,9699690,19,32,1451,1451,0,1,0,4914
double_twins_p19,0 2 38 40,510510,9699690,19,33,1568,1568,0,1,0,4914
double_twins_p19,0 2 38 40,510510,9699690,19,34,1707,1711,4,1,1,4914
