tuplet_name,offsets,visible_H_first,pre_threshold_H,parent_class_b,parent_class_spin,parent_class_frequency,child_future_classes_produced,extra_child_classes_produced
quadruplet,"[0,2,6,8]",21,20,0,00000000000000001000,2,2,1
quadruplet,"[0,2,6,8]",21,20,0,01000000000000000000,2,2,1
quadruplet,"[0,2,6,8]",21,20,0,01000000000000001000,5,3,2
quadruplet,"[0,2,6,8]",21,20,1,00000000000000010000,2,2,1
quadruplet,"[0,2,6,8]",21,20,1,10000000000000000000,2,2,1
quadruplet,"[0,2,6,8]",21,20,1,10000000000000010000,5,3,2
quadruplet,"[0,2,6,8]",21,20,2,00000000000000100000,7,2,1
quadruplet,"[0,2,6,8]",21,20,3,00000000000001000000,7,2,1
quadruplet,"[0,2,6,8]",21,20,4,00000000000010000000,7,2,1
quadruplet,"[0,2,6,8]",21,20,5,00000000000100000000,7,2,1
quadruplet,"[0,2,6,8]",21,20,6,00000000001000000000,7,2,1
quadruplet,"[0,2,6,8]",21,20,7,00000000010000000000,7,2,1
quadruplet,"[0,2,6,8]",21,20,8,00000000100000000000,7,2,1
quadruplet,"[0,2,6,8]",21,20,9,00000001000000000000,7,2,1
quadruplet,"[0,2,6,8]",21,20,10,00000010000000000000,7,2,1
quadruplet,"[0,2,6,8]",21,20,11,00000000000000000000,4,2,1
quadruplet,"[0,2,6,8]",21,20,11,00000100000000000000,7,4,3
quadruplet,"[0,2,6,8]",21,20,12,00000000000000000001,2,2,1
quadruplet,"[0,2,6,8]",21,20,12,00001000000000000000,2,2,1
quadruplet,"[0,2,6,8]",21,20,12,00001000000000000001,5,3,2
quadruplet,"[0,2,6,8]",21,20,13,00000000000000000010,2,2,1
quadruplet,"[0,2,6,8]",21,20,13,00010000000000000000,2,2,1
quadruplet,"[0,2,6,8]",21,20,13,00010000000000000010,5,3,2
quadruplet,"[0,2,6,8]",21,20,14,00000000000000000100,2,2,1
quadruplet,"[0,2,6,8]",21,20,14,00100000000000000000,2,2,1
quadruplet,"[0,2,6,8]",21,20,14,00100000000000000100,5,3,2
quadruplet,"[0,2,6,8]",21,20,15,00000000000000001000,2,2,1
quadruplet,"[0,2,6,8]",21,20,15,01000000000000000000,2,2,1
quadruplet,"[0,2,6,8]",21,20,15,01000000000000001000,5,3,2
quadruplet,"[0,2,6,8]",21,20,16,00000000000000000000,2,2,1
quadruplet,"[0,2,6,8]",21,20,16,00000000000000010000,2,4,3
quadruplet,"[0,2,6,8]",21,20,16,10000000000000000000,2,4,3
quadruplet,"[0,2,6,8]",21,20,16,10000000000000010000,5,6,5
quadruplet,"[0,2,6,8]",21,20,17,00000000000000000001,3,2,1
quadruplet,"[0,2,6,8]",21,20,17,00000000000000100000,3,2,1
quadruplet,"[0,2,6,8]",21,20,17,00000000000000100001,4,4,3
quadruplet,"[0,2,6,8]",21,20,18,00000000000000000010,3,2,1
quadruplet,"[0,2,6,8]",21,20,18,00000000000001000000,3,2,1
quadruplet,"[0,2,6,8]",21,20,18,00000000000001000010,4,4,3
quadruplet,"[0,2,6,8]",21,20,19,00000000000000000100,3,2,1
quadruplet,"[0,2,6,8]",21,20,19,00000000000010000000,3,2,1
quadruplet,"[0,2,6,8]",21,20,19,00000000000010000100,4,4,3
quadruplet,"[0,2,6,8]",21,20,20,00000000000000001000,3,2,1
quadruplet,"[0,2,6,8]",21,20,20,00000000000100000000,3,2,1
quadruplet,"[0,2,6,8]",21,20,20,00000000000100001000,4,4,3
quadruplet,"[0,2,6,8]",21,20,21,00000000000000010000,3,2,1
quadruplet,"[0,2,6,8]",21,20,21,00000000001000000000,3,2,1
quadruplet,"[0,2,6,8]",21,20,21,00000000001000010000,4,4,3
quadruplet,"[0,2,6,8]",21,20,22,00000000000000100000,3,2,1
quadruplet,"[0,2,6,8]",21,20,22,00000000010000000000,3,2,1
quadruplet,"[0,2,6,8]",21,20,22,00000000010000100000,4,4,3
quadruplet,"[0,2,6,8]",21,20,23,00000000000001000000,3,2,1
quadruplet,"[0,2,6,8]",21,20,23,00000000100000000000,3,2,1
quadruplet,"[0,2,6,8]",21,20,23,00000000100001000000,4,4,3
quadruplet,"[0,2,6,8]",21,20,24,00000000000010000000,3,2,1
quadruplet,"[0,2,6,8]",21,20,24,00000001000000000000,3,2,1
quadruplet,"[0,2,6,8]",21,20,24,00000001000010000000,4,4,3
quadruplet,"[0,2,6,8]",21,20,25,00000000000100000000,3,2,1
quadruplet,"[0,2,6,8]",21,20,25,00000010000000000000,3,2,1
quadruplet,"[0,2,6,8]",21,20,25,00000010000100000000,4,4,3
quadruplet,"[0,2,6,8]",21,20,26,00000000001000000000,3,2,1
quadruplet,"[0,2,6,8]",21,20,26,00000100000000000000,3,2,1
quadruplet,"[0,2,6,8]",21,20,26,00000100001000000000,4,4,3
quadruplet,"[0,2,6,8]",21,20,27,00000000010000000000,3,2,1
quadruplet,"[0,2,6,8]",21,20,27,00001000000000000000,3,2,1
quadruplet,"[0,2,6,8]",21,20,27,00001000010000000000,4,4,3
quadruplet,"[0,2,6,8]",21,20,28,00000000100000000000,3,2,1
quadruplet,"[0,2,6,8]",21,20,28,00010000000000000000,3,2,1
quadruplet,"[0,2,6,8]",21,20,28,00010000100000000000,4,4,3
quadruplet,"[0,2,6,8]",21,20,29,00000001000000000000,3,2,1
quadruplet,"[0,2,6,8]",21,20,29,00100000000000000000,3,2,1
quadruplet,"[0,2,6,8]",21,20,29,00100001000000000000,4,4,3
quadruplet,"[0,2,6,8]",21,20,30,00000010000000000000,3,2,1
quadruplet,"[0,2,6,8]",21,20,30,01000000000000000000,3,2,1
quadruplet,"[0,2,6,8]",21,20,30,01000010000000000000,4,4,3
quadruplet,"[0,2,6,8]",21,20,31,00000000000000000000,1,2,1
quadruplet,"[0,2,6,8]",21,20,31,00000100000000000000,3,3,2
quadruplet,"[0,2,6,8]",21,20,31,10000000000000000000,3,4,3
quadruplet,"[0,2,6,8]",21,20,31,10000100000000000000,4,8,7
quadruplet,"[0,2,6,8]",21,20,32,00000000000000000001,2,2,1
quadruplet,"[0,2,6,8]",21,20,32,00001000000000000000,2,2,1
quadruplet,"[0,2,6,8]",21,20,32,00001000000000000001,5,3,2
quadruplet,"[0,2,6,8]",21,20,33,00000000000000000010,2,2,1
quadruplet,"[0,2,6,8]",21,20,33,00010000000000000000,2,2,1
quadruplet,"[0,2,6,8]",21,20,33,00010000000000000010,5,3,2
quadruplet,"[0,2,6,8]",21,20,34,00000000000000000100,2,2,1
quadruplet,"[0,2,6,8]",21,20,34,00100000000000000000,2,2,1
quadruplet,"[0,2,6,8]",21,20,34,00100000000000000100,5,3,2
double_twins_p17,"[0,2,34,36]",21,20,0,00000000000000000100,2,2,1
double_twins_p17,"[0,2,34,36]",21,20,0,00100000000000000000,2,2,1
double_twins_p17,"[0,2,34,36]",21,20,0,00100000000000000100,5,3,2
double_twins_p17,"[0,2,34,36]",21,20,1,00000000000000001000,2,2,1
double_twins_p17,"[0,2,34,36]",21,20,1,01000000000000000000,2,2,1
double_twins_p17,"[0,2,34,36]",21,20,1,01000000000000001000,5,3,2
double_twins_p17,"[0,2,34,36]",21,20,2,00000000000000000000,2,2,1
double_twins_p17,"[0,2,34,36]",21,20,2,00000000000000010000,2,2,1
double_twins_p17,"[0,2,34,36]",21,20,2,10000000000000000000,2,4,3
double_twins_p17,"[0,2,34,36]",21,20,2,10000000000000010000,5,6,5
double_twins_p17,"[0,2,34,36]",21,20,3,00000000000000000001,3,2,1
double_twins_p17,"[0,2,34,36]",21,20,3,00000000000000100000,3,2,1
double_twins_p17,"[0,2,34,36]",21,20,3,00000000000000100001,4,3,2
double_twins_p17,"[0,2,34,36]",21,20,4,00000000000000000010,3,2,1
double_twins_p17,"[0,2,34,36]",21,20,4,00000000000001000000,3,2,1
double_twins_p17,"[0,2,34,36]",21,20,4,00000000000001000010,4,3,2
double_twins_p17,"[0,2,34,36]",21,20,5,00000000000000000100,3,2,1
double_twins_p17,"[0,2,34,36]",21,20,5,00000000000010000000,3,2,1
double_twins_p17,"[0,2,34,36]",21,20,5,00000000000010000100,4,3,2
double_twins_p17,"[0,2,34,36]",21,20,6,00000000000000001000,3,2,1
double_twins_p17,"[0,2,34,36]",21,20,6,00000000000100000000,3,2,1
double_twins_p17,"[0,2,34,36]",21,20,6,00000000000100001000,4,3,2
double_twins_p17,"[0,2,34,36]",21,20,7,00000000000000010000,3,2,1
double_twins_p17,"[0,2,34,36]",21,20,7,00000000001000000000,3,2,1
double_twins_p17,"[0,2,34,36]",21,20,7,00000000001000010000,4,3,2
double_twins_p17,"[0,2,34,36]",21,20,8,00000000000000100000,3,2,1
double_twins_p17,"[0,2,34,36]",21,20,8,00000000010000000000,3,2,1
double_twins_p17,"[0,2,34,36]",21,20,8,00000000010000100000,4,3,2
double_twins_p17,"[0,2,34,36]",21,20,9,00000000000001000000,3,2,1
double_twins_p17,"[0,2,34,36]",21,20,9,00000000100000000000,3,2,1
double_twins_p17,"[0,2,34,36]",21,20,9,00000000100001000000,4,3,2
double_twins_p17,"[0,2,34,36]",21,20,10,00000000000010000000,3,2,1
double_twins_p17,"[0,2,34,36]",21,20,10,00000001000000000000,3,2,1
double_twins_p17,"[0,2,34,36]",21,20,10,00000001000010000000,4,3,2
double_twins_p17,"[0,2,34,36]",21,20,11,00000000000100000000,3,2,1
double_twins_p17,"[0,2,34,36]",21,20,11,00000010000000000000,3,2,1
double_twins_p17,"[0,2,34,36]",21,20,11,00000010000100000000,4,3,2
double_twins_p17,"[0,2,34,36]",21,20,12,00000000001000000000,3,2,1
double_twins_p17,"[0,2,34,36]",21,20,12,00000100000000000000,3,2,1
double_twins_p17,"[0,2,34,36]",21,20,12,00000100001000000000,4,3,2
double_twins_p17,"[0,2,34,36]",21,20,13,00000000010000000000,3,2,1
double_twins_p17,"[0,2,34,36]",21,20,13,00001000000000000000,3,2,1
double_twins_p17,"[0,2,34,36]",21,20,13,00001000010000000000,4,3,2
double_twins_p17,"[0,2,34,36]",21,20,14,00000000100000000000,3,2,1
double_twins_p17,"[0,2,34,36]",21,20,14,00010000000000000000,3,2,1
double_twins_p17,"[0,2,34,36]",21,20,14,00010000100000000000,4,3,2
double_twins_p17,"[0,2,34,36]",21,20,15,00000001000000000000,3,2,1
double_twins_p17,"[0,2,34,36]",21,20,15,00100000000000000000,3,2,1
double_twins_p17,"[0,2,34,36]",21,20,15,00100001000000000000,4,3,2
double_twins_p17,"[0,2,34,36]",21,20,16,00000010000000000000,3,2,1
double_twins_p17,"[0,2,34,36]",21,20,16,01000000000000000000,3,2,1
double_twins_p17,"[0,2,34,36]",21,20,16,01000010000000000000,4,3,2
double_twins_p17,"[0,2,34,36]",21,20,17,00000100000000000000,3,4,3
double_twins_p17,"[0,2,34,36]",21,20,17,10000000000000000000,3,4,3
double_twins_p17,"[0,2,34,36]",21,20,17,10000100000000000000,4,5,4
double_twins_p17,"[0,2,34,36]",21,20,18,00000000000000000001,2,2,1
double_twins_p17,"[0,2,34,36]",21,20,18,00001000000000000000,2,2,1
double_twins_p17,"[0,2,34,36]",21,20,18,00001000000000000001,5,3,2
double_twins_p17,"[0,2,34,36]",21,20,19,00000000000000000010,2,2,1
double_twins_p17,"[0,2,34,36]",21,20,19,00010000000000000000,2,2,1
double_twins_p17,"[0,2,34,36]",21,20,19,00010000000000000010,5,3,2
double_twins_p17,"[0,2,34,36]",21,20,20,00000000000000000100,2,2,1
double_twins_p17,"[0,2,34,36]",21,20,20,00100000000000000000,2,2,1
double_twins_p17,"[0,2,34,36]",21,20,20,00100000000000000100,5,3,2
double_twins_p17,"[0,2,34,36]",21,20,21,00000000000000001000,2,2,1
double_twins_p17,"[0,2,34,36]",21,20,21,01000000000000000000,2,2,1
double_twins_p17,"[0,2,34,36]",21,20,21,01000000000000001000,5,3,2
double_twins_p17,"[0,2,34,36]",21,20,22,00000000000000010000,2,2,1
double_twins_p17,"[0,2,34,36]",21,20,22,10000000000000000000,2,2,1
double_twins_p17,"[0,2,34,36]",21,20,22,10000000000000010000,5,3,2
double_twins_p17,"[0,2,34,36]",21,20,23,00000000000000100000,7,2,1
double_twins_p17,"[0,2,34,36]",21,20,24,00000000000001000000,7,2,1
double_twins_p17,"[0,2,34,36]",21,20,25,00000000000010000000,7,2,1
double_twins_p17,"[0,2,34,36]",21,20,26,00000000000100000000,7,2,1
double_twins_p17,"[0,2,34,36]",21,20,27,00000000001000000000,7,2,1
double_twins_p17,"[0,2,34,36]",21,20,28,00000000010000000000,7,2,1
double_twins_p17,"[0,2,34,36]",21,20,29,00000000100000000000,7,2,1
double_twins_p17,"[0,2,34,36]",21,20,30,00000001000000000000,7,2,1
double_twins_p17,"[0,2,34,36]",21,20,31,00000010000000000000,7,2,1
double_twins_p17,"[0,2,34,36]",21,20,32,00000000000000000000,4,2,1
double_twins_p17,"[0,2,34,36]",21,20,32,00000100000000000000,7,4,3
double_twins_p17,"[0,2,34,36]",21,20,33,00000000000000000001,2,2,1
double_twins_p17,"[0,2,34,36]",21,20,33,00001000000000000000,2,2,1
double_twins_p17,"[0,2,34,36]",21,20,33,00001000000000000001,5,3,2
double_twins_p17,"[0,2,34,36]",21,20,34,00000000000000000010,2,2,1
double_twins_p17,"[0,2,34,36]",21,20,34,00010000000000000000,2,2,1
double_twins_p17,"[0,2,34,36]",21,20,34,00010000000000000010,5,3,2
quad_alt_0618,"[0,2,6,18]",6,5,0,01000,7,2,1
quad_alt_0618,"[0,2,6,18]",6,5,1,00000,4,2,1
quad_alt_0618,"[0,2,6,18]",6,5,1,10000,7,4,3
quad_alt_0618,"[0,2,6,18]",6,5,2,00001,7,2,1
quad_alt_0618,"[0,2,6,18]",6,5,3,00010,7,2,1
quad_alt_0618,"[0,2,6,18]",6,5,4,00100,7,2,1
quad_alt_0618,"[0,2,6,18]",6,5,5,01000,7,2,1
quad_alt_0618,"[0,2,6,18]",6,5,6,10000,7,2,1
quad_alt_0618,"[0,2,6,18]",6,5,26,00000,11,2,1
quad_alt_0618,"[0,2,6,18]",6,5,27,00001,7,2,1
quad_alt_0618,"[0,2,6,18]",6,5,28,00010,7,2,1
quad_alt_0618,"[0,2,6,18]",6,5,29,00100,7,2,1
quad_alt_0618,"[0,2,6,18]",6,5,30,01000,7,2,1
quad_alt_0618,"[0,2,6,18]",6,5,31,00000,4,2,1
quad_alt_0618,"[0,2,6,18]",6,5,31,10000,7,4,3
quad_alt_0618,"[0,2,6,18]",6,5,32,00001,7,2,1
quad_alt_0618,"[0,2,6,18]",6,5,33,00010,7,2,1
quad_alt_0618,"[0,2,6,18]",6,5,34,00100,7,2,1
quad_alt_0826,"[0,2,8,26]",16,15,0,000000000001000,3,2,1
quad_alt_0826,"[0,2,8,26]",16,15,0,010000000000000,3,2,1
quad_alt_0826,"[0,2,8,26]",16,15,0,010000000001000,4,4,3
quad_alt_0826,"[0,2,8,26]",16,15,1,000000000010000,3,4,3
quad_alt_0826,"[0,2,8,26]",16,15,1,100000000000000,3,3,2
quad_alt_0826,"[0,2,8,26]",16,15,1,100000000010000,4,8,7
quad_alt_0826,"[0,2,8,26]",16,15,2,000000000000001,3,2,1
quad_alt_0826,"[0,2,8,26]",16,15,2,000000000100000,3,2,1
quad_alt_0826,"[0,2,8,26]",16,15,2,000000000100001,4,3,2
quad_alt_0826,"[0,2,8,26]",16,15,3,000000000000010,3,2,1
quad_alt_0826,"[0,2,8,26]",16,15,3,000000001000000,3,2,1
quad_alt_0826,"[0,2,8,26]",16,15,3,000000001000010,4,3,2
quad_alt_0826,"[0,2,8,26]",16,15,4,000000000000100,3,2,1
quad_alt_0826,"[0,2,8,26]",16,15,4,000000010000000,3,2,1
quad_alt_0826,"[0,2,8,26]",16,15,4,000000010000100,4,3,2
quad_alt_0826,"[0,2,8,26]",16,15,5,000000000001000,3,2,1
quad_alt_0826,"[0,2,8,26]",16,15,5,000000100000000,3,2,1
quad_alt_0826,"[0,2,8,26]",16,15,5,000000100001000,4,3,2
quad_alt_0826,"[0,2,8,26]",16,15,6,000000000010000,3,2,1
quad_alt_0826,"[0,2,8,26]",16,15,6,000001000000000,3,2,1
quad_alt_0826,"[0,2,8,26]",16,15,6,000001000010000,4,3,2
quad_alt_0826,"[0,2,8,26]",16,15,7,000000000100000,3,2,1
quad_alt_0826,"[0,2,8,26]",16,15,7,000010000000000,3,2,1
quad_alt_0826,"[0,2,8,26]",16,15,7,000010000100000,4,3,2
quad_alt_0826,"[0,2,8,26]",16,15,8,000000001000000,3,2,1
quad_alt_0826,"[0,2,8,26]",16,15,8,000100000000000,3,2,1
quad_alt_0826,"[0,2,8,26]",16,15,8,000100001000000,4,3,2
quad_alt_0826,"[0,2,8,26]",16,15,9,000000010000000,3,2,1
quad_alt_0826,"[0,2,8,26]",16,15,9,001000000000000,3,2,1
quad_alt_0826,"[0,2,8,26]",16,15,9,001000010000000,4,3,2
quad_alt_0826,"[0,2,8,26]",16,15,10,000000100000000,3,2,1
quad_alt_0826,"[0,2,8,26]",16,15,10,010000000000000,3,2,1
quad_alt_0826,"[0,2,8,26]",16,15,10,010000100000000,4,3,2
quad_alt_0826,"[0,2,8,26]",16,15,11,000001000000000,3,2,1
quad_alt_0826,"[0,2,8,26]",16,15,11,100000000000000,3,2,1
quad_alt_0826,"[0,2,8,26]",16,15,11,100001000000000,4,3,2
quad_alt_0826,"[0,2,8,26]",16,15,12,000010000000000,7,2,1
quad_alt_0826,"[0,2,8,26]",16,15,13,000100000000000,7,2,1
quad_alt_0826,"[0,2,8,26]",16,15,14,001000000000000,7,2,1
quad_alt_0826,"[0,2,8,26]",16,15,15,010000000000000,7,2,1
quad_alt_0826,"[0,2,8,26]",16,15,16,100000000000000,7,2,1
quad_alt_0826,"[0,2,8,26]",16,15,21,000000000000000,11,2,1
quad_alt_0826,"[0,2,8,26]",16,15,22,000000000000001,7,2,1
quad_alt_0826,"[0,2,8,26]",16,15,23,000000000000010,7,2,1
quad_alt_0826,"[0,2,8,26]",16,15,24,000000000000100,7,2,1
quad_alt_0826,"[0,2,8,26]",16,15,25,000000000001000,7,2,1
quad_alt_0826,"[0,2,8,26]",16,15,26,000000000010000,7,2,1
quad_alt_0826,"[0,2,8,26]",16,15,27,000000000100000,7,2,1
quad_alt_0826,"[0,2,8,26]",16,15,28,000000001000000,7,2,1
quad_alt_0826,"[0,2,8,26]",16,15,29,000000010000000,7,2,1
quad_alt_0826,"[0,2,8,26]",16,15,30,000000100000000,7,2,1
quad_alt_0826,"[0,2,8,26]",16,15,31,000000000000000,4,2,1
quad_alt_0826,"[0,2,8,26]",16,15,31,000001000000000,7,4,3
quad_alt_0826,"[0,2,8,26]",16,15,32,000000000000001,3,2,1
quad_alt_0826,"[0,2,8,26]",16,15,32,000010000000000,3,2,1
quad_alt_0826,"[0,2,8,26]",16,15,32,000010000000001,4,4,3
quad_alt_0826,"[0,2,8,26]",16,15,33,000000000000010,3,2,1
quad_alt_0826,"[0,2,8,26]",16,15,33,000100000000000,3,2,1
quad_alt_0826,"[0,2,8,26]",16,15,33,000100000000010,4,4,3
quad_alt_0826,"[0,2,8,26]",16,15,34,000000000000100,3,2,1
quad_alt_0826,"[0,2,8,26]",16,15,34,001000000000000,3,2,1
quad_alt_0826,"[0,2,8,26]",16,15,34,001000000000100,4,4,3
quad_alt_1836,"[0,2,18,36]",16,15,0,000000000001000,3,2,1
quad_alt_1836,"[0,2,18,36]",16,15,0,010000000000000,3,2,1
quad_alt_1836,"[0,2,18,36]",16,15,0,010000000001000,4,4,3
quad_alt_1836,"[0,2,18,36]",16,15,1,000000000010000,3,2,1
quad_alt_1836,"[0,2,18,36]",16,15,1,100000000000000,3,2,1
quad_alt_1836,"[0,2,18,36]",16,15,1,100000000010000,4,4,3
quad_alt_1836,"[0,2,18,36]",16,15,2,000000000100000,7,2,1
quad_alt_1836,"[0,2,18,36]",16,15,3,000000001000000,7,2,1
quad_alt_1836,"[0,2,18,36]",16,15,4,000000010000000,7,2,1
quad_alt_1836,"[0,2,18,36]",16,15,5,000000100000000,7,2,1
quad_alt_1836,"[0,2,18,36]",16,15,6,000001000000000,7,2,1
quad_alt_1836,"[0,2,18,36]",16,15,7,000010000000000,7,2,1
quad_alt_1836,"[0,2,18,36]",16,15,8,000100000000000,7,2,1
quad_alt_1836,"[0,2,18,36]",16,15,9,001000000000000,7,2,1
quad_alt_1836,"[0,2,18,36]",16,15,10,010000000000000,7,2,1
quad_alt_1836,"[0,2,18,36]",16,15,11,100000000000000,7,2,1
quad_alt_1836,"[0,2,18,36]",16,15,16,000000000000000,11,2,1
quad_alt_1836,"[0,2,18,36]",16,15,17,000000000000001,7,2,1
quad_alt_1836,"[0,2,18,36]",16,15,18,000000000000010,7,2,1
quad_alt_1836,"[0,2,18,36]",16,15,19,000000000000100,7,2,1
quad_alt_1836,"[0,2,18,36]",16,15,20,000000000001000,7,2,1
quad_alt_1836,"[0,2,18,36]",16,15,21,000000000000000,4,2,1
quad_alt_1836,"[0,2,18,36]",16,15,21,000000000010000,7,4,3
quad_alt_1836,"[0,2,18,36]",16,15,22,000000000000001,3,2,1
quad_alt_1836,"[0,2,18,36]",16,15,22,000000000100000,3,2,1
quad_alt_1836,"[0,2,18,36]",16,15,22,000000000100001,4,3,2
quad_alt_1836,"[0,2,18,36]",16,15,23,000000000000010,3,2,1
quad_alt_1836,"[0,2,18,36]",16,15,23,000000001000000,3,2,1
quad_alt_1836,"[0,2,18,36]",16,15,23,000000001000010,4,3,2
quad_alt_1836,"[0,2,18,36]",16,15,24,000000000000100,3,2,1
quad_alt_1836,"[0,2,18,36]",16,15,24,000000010000000,3,2,1
quad_alt_1836,"[0,2,18,36]",16,15,24,000000010000100,4,3,2
quad_alt_1836,"[0,2,18,36]",16,15,25,000000000001000,3,2,1
quad_alt_1836,"[0,2,18,36]",16,15,25,000000100000000,3,2,1
quad_alt_1836,"[0,2,18,36]",16,15,25,000000100001000,4,3,2
quad_alt_1836,"[0,2,18,36]",16,15,26,000000000010000,3,2,1
quad_alt_1836,"[0,2,18,36]",16,15,26,000001000000000,3,2,1
quad_alt_1836,"[0,2,18,36]",16,15,26,000001000010000,4,3,2
quad_alt_1836,"[0,2,18,36]",16,15,27,000000000100000,3,2,1
quad_alt_1836,"[0,2,18,36]",16,15,27,000010000000000,3,2,1
quad_alt_1836,"[0,2,18,36]",16,15,27,000010000100000,4,3,2
quad_alt_1836,"[0,2,18,36]",16,15,28,000000001000000,3,2,1
quad_alt_1836,"[0,2,18,36]",16,15,28,000100000000000,3,2,1
quad_alt_1836,"[0,2,18,36]",16,15,28,000100001000000,4,3,2
quad_alt_1836,"[0,2,18,36]",16,15,29,000000010000000,3,2,1
quad_alt_1836,"[0,2,18,36]",16,15,29,001000000000000,3,2,1
quad_alt_1836,"[0,2,18,36]",16,15,29,001000010000000,4,3,2
quad_alt_1836,"[0,2,18,36]",16,15,30,000000100000000,3,2,1
quad_alt_1836,"[0,2,18,36]",16,15,30,010000000000000,3,2,1
quad_alt_1836,"[0,2,18,36]",16,15,30,010000100000000,4,3,2
quad_alt_1836,"[0,2,18,36]",16,15,31,000000000000000,1,2,1
quad_alt_1836,"[0,2,18,36]",16,15,31,000001000000000,3,4,3
quad_alt_1836,"[0,2,18,36]",16,15,31,100000000000000,3,4,3
quad_alt_1836,"[0,2,18,36]",16,15,31,100001000000000,4,6,5
quad_alt_1836,"[0,2,18,36]",16,15,32,000000000000001,3,2,1
quad_alt_1836,"[0,2,18,36]",16,15,32,000010000000000,3,2,1
quad_alt_1836,"[0,2,18,36]",16,15,32,000010000000001,4,4,3
quad_alt_1836,"[0,2,18,36]",16,15,33,000000000000010,3,2,1
quad_alt_1836,"[0,2,18,36]",16,15,33,000100000000000,3,2,1
quad_alt_1836,"[0,2,18,36]",16,15,33,000100000000010,4,4,3
quad_alt_1836,"[0,2,18,36]",16,15,34,000000000000100,3,2,1
quad_alt_1836,"[0,2,18,36]",16,15,34,001000000000000,3,2,1
quad_alt_1836,"[0,2,18,36]",16,15,34,001000000000100,4,4,3
quad_alt_3854,"[0,2,38,54]",26,25,0,0000000001000000000000000,2,2,1
quad_alt_3854,"[0,2,38,54]",26,25,0,0000100000000000000000000,2,2,1
quad_alt_3854,"[0,2,38,54]",26,25,0,0000100001000000000000000,5,3,2
quad_alt_3854,"[0,2,38,54]",26,25,1,0000000010000000000000000,2,2,1
quad_alt_3854,"[0,2,38,54]",26,25,1,0001000000000000000000000,2,2,1
quad_alt_3854,"[0,2,38,54]",26,25,1,0001000010000000000000000,5,3,2
quad_alt_3854,"[0,2,38,54]",26,25,2,0000000100000000000000000,2,2,1
quad_alt_3854,"[0,2,38,54]",26,25,2,0010000000000000000000000,2,2,1
quad_alt_3854,"[0,2,38,54]",26,25,2,0010000100000000000000000,5,3,2
quad_alt_3854,"[0,2,38,54]",26,25,3,0000001000000000000000000,2,2,1
quad_alt_3854,"[0,2,38,54]",26,25,3,0100000000000000000000000,2,2,1
quad_alt_3854,"[0,2,38,54]",26,25,3,0100001000000000000000000,5,3,2
quad_alt_3854,"[0,2,38,54]",26,25,4,0000010000000000000000000,2,2,1
quad_alt_3854,"[0,2,38,54]",26,25,4,1000000000000000000000000,2,2,1
quad_alt_3854,"[0,2,38,54]",26,25,4,1000010000000000000000000,5,3,2
quad_alt_3854,"[0,2,38,54]",26,25,5,0000100000000000000000000,7,2,1
quad_alt_3854,"[0,2,38,54]",26,25,6,0001000000000000000000000,7,2,1
quad_alt_3854,"[0,2,38,54]",26,25,7,0010000000000000000000000,7,2,1
quad_alt_3854,"[0,2,38,54]",26,25,8,0100000000000000000000000,7,2,1
quad_alt_3854,"[0,2,38,54]",26,25,9,0000000000000000000000000,4,2,1
quad_alt_3854,"[0,2,38,54]",26,25,9,1000000000000000000000000,7,4,3
quad_alt_3854,"[0,2,38,54]",26,25,10,0000000000000000000000001,7,2,1
quad_alt_3854,"[0,2,38,54]",26,25,11,0000000000000000000000010,7,2,1
quad_alt_3854,"[0,2,38,54]",26,25,12,0000000000000000000000100,7,2,1
quad_alt_3854,"[0,2,38,54]",26,25,13,0000000000000000000001000,7,2,1
quad_alt_3854,"[0,2,38,54]",26,25,14,0000000000000000000000000,4,2,1
quad_alt_3854,"[0,2,38,54]",26,25,14,0000000000000000000010000,7,4,3
quad_alt_3854,"[0,2,38,54]",26,25,15,0000000000000000000000001,2,2,1
quad_alt_3854,"[0,2,38,54]",26,25,15,0000000000000000000100000,2,2,1
quad_alt_3854,"[0,2,38,54]",26,25,15,0000000000000000000100001,5,3,2
quad_alt_3854,"[0,2,38,54]",26,25,16,0000000000000000000000010,2,2,1
quad_alt_3854,"[0,2,38,54]",26,25,16,0000000000000000001000000,2,2,1
quad_alt_3854,"[0,2,38,54]",26,25,16,0000000000000000001000010,5,3,2
quad_alt_3854,"[0,2,38,54]",26,25,17,0000000000000000000000100,2,2,1
quad_alt_3854,"[0,2,38,54]",26,25,17,0000000000000000010000000,2,2,1
quad_alt_3854,"[0,2,38,54]",26,25,17,0000000000000000010000100,5,3,2
quad_alt_3854,"[0,2,38,54]",26,25,18,0000000000000000000001000,2,2,1
quad_alt_3854,"[0,2,38,54]",26,25,18,0000000000000000100000000,2,2,1
quad_alt_3854,"[0,2,38,54]",26,25,18,0000000000000000100001000,5,3,2
quad_alt_3854,"[0,2,38,54]",26,25,19,0000000000000000000000000,2,2,1
quad_alt_3854,"[0,2,38,54]",26,25,19,0000000000000000000010000,2,4,3
quad_alt_3854,"[0,2,38,54]",26,25,19,0000000000000001000000000,2,4,3
quad_alt_3854,"[0,2,38,54]",26,25,19,0000000000000001000010000,5,6,5
quad_alt_3854,"[0,2,38,54]",26,25,20,0000000000000000000000001,1,2,1
quad_alt_3854,"[0,2,38,54]",26,25,20,0000000000000000000100000,1,2,1
quad_alt_3854,"[0,2,38,54]",26,25,20,0000000000000000000100001,1,3,2
quad_alt_3854,"[0,2,38,54]",26,25,20,0000000000000010000000000,1,2,1
quad_alt_3854,"[0,2,38,54]",26,25,20,0000000000000010000000001,1,3,2
quad_alt_3854,"[0,2,38,54]",26,25,20,0000000000000010000100000,1,3,2
quad_alt_3854,"[0,2,38,54]",26,25,20,0000000000000010000100001,4,4,3
quad_alt_3854,"[0,2,38,54]",26,25,21,0000000000000000000000010,1,2,1
quad_alt_3854,"[0,2,38,54]",26,25,21,0000000000000000001000000,1,2,1
quad_alt_3854,"[0,2,38,54]",26,25,21,0000000000000000001000010,1,3,2
quad_alt_3854,"[0,2,38,54]",26,25,21,0000000000000100000000000,1,2,1
quad_alt_3854,"[0,2,38,54]",26,25,21,0000000000000100000000010,1,3,2
quad_alt_3854,"[0,2,38,54]",26,25,21,0000000000000100001000000,1,3,2
quad_alt_3854,"[0,2,38,54]",26,25,21,0000000000000100001000010,4,4,3
quad_alt_3854,"[0,2,38,54]",26,25,22,0000000000000000000000100,1,2,1
quad_alt_3854,"[0,2,38,54]",26,25,22,0000000000000000010000000,1,2,1
quad_alt_3854,"[0,2,38,54]",26,25,22,0000000000000000010000100,1,3,2
quad_alt_3854,"[0,2,38,54]",26,25,22,0000000000001000000000000,1,2,1
quad_alt_3854,"[0,2,38,54]",26,25,22,0000000000001000000000100,1,3,2
quad_alt_3854,"[0,2,38,54]",26,25,22,0000000000001000010000000,1,3,2
quad_alt_3854,"[0,2,38,54]",26,25,22,0000000000001000010000100,4,4,3
quad_alt_3854,"[0,2,38,54]",26,25,23,0000000000000000000001000,1,2,1
quad_alt_3854,"[0,2,38,54]",26,25,23,0000000000000000100000000,1,2,1
quad_alt_3854,"[0,2,38,54]",26,25,23,0000000000000000100001000,1,3,2
quad_alt_3854,"[0,2,38,54]",26,25,23,0000000000010000000000000,1,2,1
quad_alt_3854,"[0,2,38,54]",26,25,23,0000000000010000000001000,1,3,2
quad_alt_3854,"[0,2,38,54]",26,25,23,0000000000010000100000000,1,3,2
quad_alt_3854,"[0,2,38,54]",26,25,23,0000000000010000100001000,4,4,3
quad_alt_3854,"[0,2,38,54]",26,25,24,0000000000000000000010000,1,2,1
quad_alt_3854,"[0,2,38,54]",26,25,24,0000000000000001000000000,1,2,1
quad_alt_3854,"[0,2,38,54]",26,25,24,0000000000000001000010000,1,3,2
quad_alt_3854,"[0,2,38,54]",26,25,24,0000000000100000000000000,1,2,1
quad_alt_3854,"[0,2,38,54]",26,25,24,0000000000100000000010000,1,3,2
quad_alt_3854,"[0,2,38,54]",26,25,24,0000000000100001000000000,1,3,2
quad_alt_3854,"[0,2,38,54]",26,25,24,0000000000100001000010000,4,4,3
quad_alt_3854,"[0,2,38,54]",26,25,25,0000000000000000000100000,1,2,1
quad_alt_3854,"[0,2,38,54]",26,25,25,0000000000000010000000000,1,2,1
quad_alt_3854,"[0,2,38,54]",26,25,25,0000000000000010000100000,1,3,2
quad_alt_3854,"[0,2,38,54]",26,25,25,0000000001000000000000000,1,2,1
quad_alt_3854,"[0,2,38,54]",26,25,25,0000000001000000000100000,1,3,2
quad_alt_3854,"[0,2,38,54]",26,25,25,0000000001000010000000000,1,3,2
quad_alt_3854,"[0,2,38,54]",26,25,25,0000000001000010000100000,4,4,3
quad_alt_3854,"[0,2,38,54]",26,25,26,0000000000000000001000000,1,2,1
quad_alt_3854,"[0,2,38,54]",26,25,26,0000000000000100000000000,1,2,1
quad_alt_3854,"[0,2,38,54]",26,25,26,0000000000000100001000000,1,3,2
quad_alt_3854,"[0,2,38,54]",26,25,26,0000000010000000000000000,1,2,1
quad_alt_3854,"[0,2,38,54]",26,25,26,0000000010000000001000000,1,3,2
quad_alt_3854,"[0,2,38,54]",26,25,26,0000000010000100000000000,1,3,2
quad_alt_3854,"[0,2,38,54]",26,25,26,0000000010000100001000000,4,4,3
quad_alt_3854,"[0,2,38,54]",26,25,27,0000000000000000010000000,1,2,1
quad_alt_3854,"[0,2,38,54]",26,25,27,0000000000001000000000000,1,2,1
quad_alt_3854,"[0,2,38,54]",26,25,27,0000000000001000010000000,1,3,2
quad_alt_3854,"[0,2,38,54]",26,25,27,0000000100000000000000000,1,2,1
quad_alt_3854,"[0,2,38,54]",26,25,27,0000000100000000010000000,1,3,2
quad_alt_3854,"[0,2,38,54]",26,25,27,0000000100001000000000000,1,3,2
quad_alt_3854,"[0,2,38,54]",26,25,27,0000000100001000010000000,4,4,3
quad_alt_3854,"[0,2,38,54]",26,25,28,0000000000000000100000000,1,2,1
quad_alt_3854,"[0,2,38,54]",26,25,28,0000000000010000000000000,1,2,1
quad_alt_3854,"[0,2,38,54]",26,25,28,0000000000010000100000000,1,3,2
quad_alt_3854,"[0,2,38,54]",26,25,28,0000001000000000000000000,1,2,1
quad_alt_3854,"[0,2,38,54]",26,25,28,0000001000000000100000000,1,3,2
quad_alt_3854,"[0,2,38,54]",26,25,28,0000001000010000000000000,1,3,2
quad_alt_3854,"[0,2,38,54]",26,25,28,0000001000010000100000000,4,4,3
quad_alt_3854,"[0,2,38,54]",26,25,29,0000000000000001000000000,1,2,1
quad_alt_3854,"[0,2,38,54]",26,25,29,0000000000100000000000000,1,2,1
quad_alt_3854,"[0,2,38,54]",26,25,29,0000000000100001000000000,1,3,2
quad_alt_3854,"[0,2,38,54]",26,25,29,0000010000000000000000000,1,2,1
quad_alt_3854,"[0,2,38,54]",26,25,29,0000010000000001000000000,1,3,2
quad_alt_3854,"[0,2,38,54]",26,25,29,0000010000100000000000000,1,3,2
quad_alt_3854,"[0,2,38,54]",26,25,29,0000010000100001000000000,4,4,3
quad_alt_3854,"[0,2,38,54]",26,25,30,0000000000000010000000000,1,2,1
quad_alt_3854,"[0,2,38,54]",26,25,30,0000000001000000000000000,1,2,1
quad_alt_3854,"[0,2,38,54]",26,25,30,0000000001000010000000000,1,3,2
quad_alt_3854,"[0,2,38,54]",26,25,30,0000100000000000000000000,1,2,1
quad_alt_3854,"[0,2,38,54]",26,25,30,0000100000000010000000000,1,3,2
quad_alt_3854,"[0,2,38,54]",26,25,30,0000100001000000000000000,1,3,2
quad_alt_3854,"[0,2,38,54]",26,25,30,0000100001000010000000000,4,4,3
quad_alt_3854,"[0,2,38,54]",26,25,31,0000000000000100000000000,1,2,1
quad_alt_3854,"[0,2,38,54]",26,25,31,0000000010000000000000000,1,2,1
quad_alt_3854,"[0,2,38,54]",26,25,31,0000000010000100000000000,1,3,2
quad_alt_3854,"[0,2,38,54]",26,25,31,0001000000000000000000000,1,2,1
quad_alt_3854,"[0,2,38,54]",26,25,31,0001000000000100000000000,1,3,2
quad_alt_3854,"[0,2,38,54]",26,25,31,0001000010000000000000000,1,3,2
quad_alt_3854,"[0,2,38,54]",26,25,31,0001000010000100000000000,4,4,3
quad_alt_3854,"[0,2,38,54]",26,25,32,0000000000001000000000000,1,2,1
quad_alt_3854,"[0,2,38,54]",26,25,32,0000000100000000000000000,1,2,1
quad_alt_3854,"[0,2,38,54]",26,25,32,0000000100001000000000000,1,3,2
quad_alt_3854,"[0,2,38,54]",26,25,32,0010000000000000000000000,1,2,1
quad_alt_3854,"[0,2,38,54]",26,25,32,0010000000001000000000000,1,3,2
quad_alt_3854,"[0,2,38,54]",26,25,32,0010000100000000000000000,1,3,2
quad_alt_3854,"[0,2,38,54]",26,25,32,0010000100001000000000000,4,4,3
quad_alt_3854,"[0,2,38,54]",26,25,33,0000000000010000000000000,1,2,1
quad_alt_3854,"[0,2,38,54]",26,25,33,0000001000000000000000000,1,2,1
quad_alt_3854,"[0,2,38,54]",26,25,33,0000001000010000000000000,1,3,2
quad_alt_3854,"[0,2,38,54]",26,25,33,0100000000000000000000000,1,2,1
quad_alt_3854,"[0,2,38,54]",26,25,33,0100000000010000000000000,1,3,2
quad_alt_3854,"[0,2,38,54]",26,25,33,0100001000000000000000000,1,3,2
quad_alt_3854,"[0,2,38,54]",26,25,33,0100001000010000000000000,4,4,3
quad_alt_3854,"[0,2,38,54]",26,25,34,0000000000100000000000000,1,2,1
quad_alt_3854,"[0,2,38,54]",26,25,34,0000010000000000000000000,1,2,1
quad_alt_3854,"[0,2,38,54]",26,25,34,0000010000100000000000000,1,3,2
quad_alt_3854,"[0,2,38,54]",26,25,34,1000000000000000000000000,1,2,1
quad_alt_3854,"[0,2,38,54]",26,25,34,1000000000100000000000000,1,3,2
quad_alt_3854,"[0,2,38,54]",26,25,34,1000010000000000000000000,1,3,2
quad_alt_3854,"[0,2,38,54]",26,25,34,1000010000100000000000000,4,4,3
